,danceability,energy,key,loudness,mode,speechiness,acousticness,instrumentalness,liveness,valence,tempo,type,id,uri,track_href,analysis_url,duration_ms,time_signature,track_name
0,0.46,0.0309,4,-25.448,0,0.05,0.993,0.941,0.0885,0.143,66.835,audio_features,08y31EAPDTQR1Zsz1TN2Ur,spotify:track:08y31EAPDTQR1Zsz1TN2Ur,https://api.spotify.com/v1/tracks/08y31EAPDTQR1Zsz1TN2Ur,https://api.spotify.com/v1/audio-analysis/08y31EAPDTQR1Zsz1TN2Ur,170000,4,Sonata Fragment (Beethoven redesigned)
1,0.471,0.262,9,-19.226,0,0.0338,0.61,0.899,0.112,0.157,130.184,audio_features,4NtgGbFGznNM4qncLVL4kj,spotify:track:4NtgGbFGznNM4qncLVL4kj,https://api.spotify.com/v1/tracks/4NtgGbFGznNM4qncLVL4kj,https://api.spotify.com/v1/audio-analysis/4NtgGbFGznNM4qncLVL4kj,121532,4,Cyrin: Voyage
2,0.335,0.197,2,-26.478,0,0.0407,0.957,0.867,0.13,0.176,67.631,audio_features,746Xr23IpsPBs00SHnf5lz,spotify:track:746Xr23IpsPBs00SHnf5lz,https://api.spotify.com/v1/tracks/746Xr23IpsPBs00SHnf5lz,https://api.spotify.com/v1/audio-analysis/746Xr23IpsPBs00SHnf5lz,100600,4,Cyrin: As the Darkness Falls
3,0.261,0.143,0,-22.993,1,0.0393,0.98,0.938,0.0807,0.132,99.983,audio_features,7uyZDK8rTDvYTvCUQ6gO2e,spotify:track:7uyZDK8rTDvYTvCUQ6gO2e,https://api.spotify.com/v1/tracks/7uyZDK8rTDvYTvCUQ6gO2e,https://api.spotify.com/v1/audio-analysis/7uyZDK8rTDvYTvCUQ6gO2e,260305,4,Sincere
4,0.43,0.00897,7,-30.466,1,0.0408,0.995,0.93,0.0743,0.135,61.235,audio_features,3rvEjTUQeHxbSUIVrX8d6D,spotify:track:3rvEjTUQeHxbSUIVrX8d6D,https://api.spotify.com/v1/tracks/3rvEjTUQeHxbSUIVrX8d6D,https://api.spotify.com/v1/audio-analysis/3rvEjTUQeHxbSUIVrX8d6D,145940,4,Aria
5,0.293,0.0216,7,-30.124,0,0.0415,0.995,0.898,0.0702,0.0507,58.742,audio_features,0PO9GJ0lOcJeA3Nv60BelK,spotify:track:0PO9GJ0lOcJeA3Nv60BelK,https://api.spotify.com/v1/tracks/0PO9GJ0lOcJeA3Nv60BelK,https://api.spotify.com/v1/audio-analysis/0PO9GJ0lOcJeA3Nv60BelK,233080,5,"Debussy: Rêverie, CD 76, L. 68"
6,0.281,0.0649,10,-26.279,1,0.0408,0.988,0.958,0.123,0.23,65.986,audio_features,3Qc5QysHKtTwI1LLczjYz5,spotify:track:3Qc5QysHKtTwI1LLczjYz5,https://api.spotify.com/v1/tracks/3Qc5QysHKtTwI1LLczjYz5,https://api.spotify.com/v1/audio-analysis/3Qc5QysHKtTwI1LLczjYz5,228387,4,"Cantata, BMV 208: IX. Aria ""Schafe können sicher weiden"" (arr. for Cello & Piano)"
7,0.255,0.00578,10,-32.259,1,0.0528,0.993,0.905,0.0998,0.112,126.441,audio_features,4ump5ZxeXg6J8xOLRHxi5p,spotify:track:4ump5ZxeXg6J8xOLRHxi5p,https://api.spotify.com/v1/tracks/4ump5ZxeXg6J8xOLRHxi5p,https://api.spotify.com/v1/audio-analysis/4ump5ZxeXg6J8xOLRHxi5p,164000,5,In Plain Sight
8,0.375,0.0956,6,-22.794,1,0.0415,0.993,0.911,0.129,0.105,142.711,audio_features,2RNQHKydHXZiXE17xQxYiO,spotify:track:2RNQHKydHXZiXE17xQxYiO,https://api.spotify.com/v1/tracks/2RNQHKydHXZiXE17xQxYiO,https://api.spotify.com/v1/audio-analysis/2RNQHKydHXZiXE17xQxYiO,172266,3,From a dream
9,0.285,0.0505,9,-29.087,0,0.0409,0.984,0.8,0.0693,0.0356,69.991,audio_features,5ixgouSYpLIkMf2NV5XUty,spotify:track:5ixgouSYpLIkMf2NV5XUty,https://api.spotify.com/v1/tracks/5ixgouSYpLIkMf2NV5XUty,https://api.spotify.com/v1/audio-analysis/5ixgouSYpLIkMf2NV5XUty,206520,4,Suite from Les enfants terribles: II. The Somnambulist
10,0.341,0.242,3,-20.259,1,0.0361,0.893,0.922,0.106,0.351,102.524,audio_features,6h7sEy8vwh8YzCnrLIOca2,spotify:track:6h7sEy8vwh8YzCnrLIOca2,https://api.spotify.com/v1/tracks/6h7sEy8vwh8YzCnrLIOca2,https://api.spotify.com/v1/audio-analysis/6h7sEy8vwh8YzCnrLIOca2,140440,1,Luminous Tunnel
11,0.397,0.00828,9,-27.853,1,0.0424,0.992,0.947,0.106,0.201,143.466,audio_features,7uXseNKpmjl9uQneBZA84O,spotify:track:7uXseNKpmjl9uQneBZA84O,https://api.spotify.com/v1/tracks/7uXseNKpmjl9uQneBZA84O,https://api.spotify.com/v1/audio-analysis/7uXseNKpmjl9uQneBZA84O,106203,3,Mistral
12,0.547,0.0189,4,-26.716,1,0.0597,0.994,0.908,0.0868,0.111,44.622,audio_features,1FXDJdTmYuXNHEgtJWnucX,spotify:track:1FXDJdTmYuXNHEgtJWnucX,https://api.spotify.com/v1/tracks/1FXDJdTmYuXNHEgtJWnucX,https://api.spotify.com/v1/audio-analysis/1FXDJdTmYuXNHEgtJWnucX,132897,4,Mokum
13,0.537,0.134,6,-18.437,1,0.0377,0.968,0.207,0.121,0.556,160.141,audio_features,06cn5s6W7vwQitlyzo0vvu,spotify:track:06cn5s6W7vwQitlyzo0vvu,https://api.spotify.com/v1/tracks/06cn5s6W7vwQitlyzo0vvu,https://api.spotify.com/v1/audio-analysis/06cn5s6W7vwQitlyzo0vvu,82361,3,First Day
14,0.377,0.0555,9,-24.785,0,0.0593,0.994,0.938,0.095,0.342,78.346,audio_features,60KQ8N5J4LB5zkVBdzV3ad,spotify:track:60KQ8N5J4LB5zkVBdzV3ad,https://api.spotify.com/v1/tracks/60KQ8N5J4LB5zkVBdzV3ad,https://api.spotify.com/v1/audio-analysis/60KQ8N5J4LB5zkVBdzV3ad,160500,4,Deo Volente
15,0.224,0.0292,1,-24.463,0,0.0493,0.995,0.916,0.186,0.151,69.422,audio_features,459Nez7ejWI0ZOhzeeyXBp,spotify:track:459Nez7ejWI0ZOhzeeyXBp,https://api.spotify.com/v1/tracks/459Nez7ejWI0ZOhzeeyXBp,https://api.spotify.com/v1/audio-analysis/459Nez7ejWI0ZOhzeeyXBp,175049,3,Waterfalls
16,0.638,0.115,9,-25.334,0,0.0617,0.994,0.912,0.112,0.167,120.165,audio_features,46czYABJ8JjX8d8Y6UfBdI,spotify:track:46czYABJ8JjX8d8Y6UfBdI,https://api.spotify.com/v1/tracks/46czYABJ8JjX8d8Y6UfBdI,https://api.spotify.com/v1/audio-analysis/46czYABJ8JjX8d8Y6UfBdI,161625,3,El Cabanyal
17,0.344,0.0571,0,-29.41,0,0.0354,0.992,0.866,0.0979,0.231,77.514,audio_features,4eHZ3g5w986A1DvsL6wdpq,spotify:track:4eHZ3g5w986A1DvsL6wdpq,https://api.spotify.com/v1/tracks/4eHZ3g5w986A1DvsL6wdpq,https://api.spotify.com/v1/audio-analysis/4eHZ3g5w986A1DvsL6wdpq,154754,4,Helmgras
18,0.202,0.0294,5,-29.69,0,0.0369,0.995,0.888,0.118,0.17,176.447,audio_features,6dWMQo6SNGAZv8WW4LhuR5,spotify:track:6dWMQo6SNGAZv8WW4LhuR5,https://api.spotify.com/v1/tracks/6dWMQo6SNGAZv8WW4LhuR5,https://api.spotify.com/v1/audio-analysis/6dWMQo6SNGAZv8WW4LhuR5,174895,3,Longing
19,0.181,0.258,6,-17.438,0,0.0457,0.969,0.899,0.112,0.0479,90.192,audio_features,4cwcdSrubh1Hq5YyOZuIoJ,spotify:track:4cwcdSrubh1Hq5YyOZuIoJ,https://api.spotify.com/v1/tracks/4cwcdSrubh1Hq5YyOZuIoJ,https://api.spotify.com/v1/audio-analysis/4cwcdSrubh1Hq5YyOZuIoJ,246252,3,Blossom
20,0.463,0.0263,5,-25.771,1,0.0439,0.993,0.942,0.0973,0.206,135.077,audio_features,1W6sLc9T70xKAueYvGMHwa,spotify:track:1W6sLc9T70xKAueYvGMHwa,https://api.spotify.com/v1/tracks/1W6sLc9T70xKAueYvGMHwa,https://api.spotify.com/v1/audio-analysis/1W6sLc9T70xKAueYvGMHwa,102484,3,Fleurs d'automne
21,0.367,0.043,0,-23.35,1,0.0424,0.988,0.921,0.138,0.0778,136.026,audio_features,78FM8RL21qznI4xA2Yqtix,spotify:track:78FM8RL21qznI4xA2Yqtix,https://api.spotify.com/v1/tracks/78FM8RL21qznI4xA2Yqtix,https://api.spotify.com/v1/audio-analysis/78FM8RL21qznI4xA2Yqtix,149078,3,After The Rain
22,0.338,0.0849,0,-22.673,0,0.0427,0.99,0.873,0.378,0.116,111.187,audio_features,1gOdvUMlmHnHKXRn58n2FQ,spotify:track:1gOdvUMlmHnHKXRn58n2FQ,https://api.spotify.com/v1/tracks/1gOdvUMlmHnHKXRn58n2FQ,https://api.spotify.com/v1/audio-analysis/1gOdvUMlmHnHKXRn58n2FQ,249052,4,The Ocean Refuses No River
23,0.66,0.352,9,-13.533,0,0.0726,0.981,0.94,0.108,0.105,100.021,audio_features,2Lyatyn9DofglVY1jkVEX1,spotify:track:2Lyatyn9DofglVY1jkVEX1,https://api.spotify.com/v1/tracks/2Lyatyn9DofglVY1jkVEX1,https://api.spotify.com/v1/audio-analysis/2Lyatyn9DofglVY1jkVEX1,269163,4,Enchantment
24,0.298,0.136,9,-17.651,0,0.057,0.993,0.87,0.083,0.0981,78.027,audio_features,5hwIWAzb3TVKIRrVFe4o4x,spotify:track:5hwIWAzb3TVKIRrVFe4o4x,https://api.spotify.com/v1/tracks/5hwIWAzb3TVKIRrVFe4o4x,https://api.spotify.com/v1/audio-analysis/5hwIWAzb3TVKIRrVFe4o4x,142280,1,Come Back (Raw Recording In 432 Hz)
25,0.55,0.0339,5,-27.483,0,0.0405,0.996,0.933,0.0873,0.386,91.385,audio_features,6jAQdK7lbclgMKQ97GmR6i,spotify:track:6jAQdK7lbclgMKQ97GmR6i,https://api.spotify.com/v1/tracks/6jAQdK7lbclgMKQ97GmR6i,https://api.spotify.com/v1/audio-analysis/6jAQdK7lbclgMKQ97GmR6i,112493,4,"Schubert: Moments musicaux, Op. 94, D. 780: No. 3 in F Minor"
26,0.581,0.0594,0,-26.717,0,0.0511,0.995,0.949,0.102,0.243,129.473,audio_features,0bwErWttBRSbmZvykKLWfG,spotify:track:0bwErWttBRSbmZvykKLWfG,https://api.spotify.com/v1/tracks/0bwErWttBRSbmZvykKLWfG,https://api.spotify.com/v1/audio-analysis/0bwErWttBRSbmZvykKLWfG,179963,1,Pleiades
27,0.408,0.0174,0,-26.97,1,0.0519,0.993,0.931,0.171,0.187,82.034,audio_features,4YM4MHDoX1SLhg9RtUc9c8,spotify:track:4YM4MHDoX1SLhg9RtUc9c8,https://api.spotify.com/v1/tracks/4YM4MHDoX1SLhg9RtUc9c8,https://api.spotify.com/v1/audio-analysis/4YM4MHDoX1SLhg9RtUc9c8,113655,4,White Christmas
28,0.166,0.186,9,-14.219,0,0.0338,0.978,0.939,0.102,0.0704,77.681,audio_features,3v6NdFWYdDD7ZgHB0Wh80a,spotify:track:3v6NdFWYdDD7ZgHB0Wh80a,https://api.spotify.com/v1/tracks/3v6NdFWYdDD7ZgHB0Wh80a,https://api.spotify.com/v1/audio-analysis/3v6NdFWYdDD7ZgHB0Wh80a,152240,3,"Satie / Arr. Barker & Balsom: 3 Gymnopédies: No. 3, Lent et grave"
29,0.448,0.166,5,-19.624,1,0.0379,0.979,0.914,0.113,0.351,109.479,audio_features,5LHsps6yM7U1ogxSQpEsxM,spotify:track:5LHsps6yM7U1ogxSQpEsxM,https://api.spotify.com/v1/tracks/5LHsps6yM7U1ogxSQpEsxM,https://api.spotify.com/v1/audio-analysis/5LHsps6yM7U1ogxSQpEsxM,155125,4,Postcards
30,0.417,0.00515,9,-25.053,1,0.0445,0.991,0.924,0.117,0.191,125.499,audio_features,4bkIaH7A7DG4ynH7lMY2PL,spotify:track:4bkIaH7A7DG4ynH7lMY2PL,https://api.spotify.com/v1/tracks/4bkIaH7A7DG4ynH7lMY2PL,https://api.spotify.com/v1/audio-analysis/4bkIaH7A7DG4ynH7lMY2PL,149833,5,Letting You Go
31,0.303,0.0687,7,-26.355,0,0.0379,0.994,0.888,0.159,0.183,149.058,audio_features,1Y4Z25ILCJ2QlOeeaxEFnn,spotify:track:1Y4Z25ILCJ2QlOeeaxEFnn,https://api.spotify.com/v1/tracks/1Y4Z25ILCJ2QlOeeaxEFnn,https://api.spotify.com/v1/audio-analysis/1Y4Z25ILCJ2QlOeeaxEFnn,176983,4,Vacker
32,0.227,0.0272,10,-26.545,1,0.0342,0.991,0.941,0.0928,0.0693,171.997,audio_features,7mOSeRohbNmEFokeDwZiGC,spotify:track:7mOSeRohbNmEFokeDwZiGC,https://api.spotify.com/v1/tracks/7mOSeRohbNmEFokeDwZiGC,https://api.spotify.com/v1/audio-analysis/7mOSeRohbNmEFokeDwZiGC,248914,4,Wholeheartedly (feat. Sander van Dijk)
33,0.378,0.0202,6,-24.62,1,0.0513,0.994,0.85,0.122,0.345,68.064,audio_features,48ozVyf0rxD2Dfokkm4ZdG,spotify:track:48ozVyf0rxD2Dfokkm4ZdG,https://api.spotify.com/v1/tracks/48ozVyf0rxD2Dfokkm4ZdG,https://api.spotify.com/v1/audio-analysis/48ozVyf0rxD2Dfokkm4ZdG,266198,3,In Between The Dark And Light
34,0.277,0.0099,7,-31.727,1,0.0447,0.995,0.908,0.0608,0.189,75.941,audio_features,7mcPqBUHml77xY5RfM0ecF,spotify:track:7mcPqBUHml77xY5RfM0ecF,https://api.spotify.com/v1/tracks/7mcPqBUHml77xY5RfM0ecF,https://api.spotify.com/v1/audio-analysis/7mcPqBUHml77xY5RfM0ecF,312253,4,"Bach, JS: Goldberg Variations, BWV 988: Aria"
35,0.348,0.0415,9,-26.768,0,0.0651,0.995,0.949,0.0923,0.305,184.863,audio_features,4cGKVwV5zyzWkZ24NIjACt,spotify:track:4cGKVwV5zyzWkZ24NIjACt,https://api.spotify.com/v1/tracks/4cGKVwV5zyzWkZ24NIjACt,https://api.spotify.com/v1/audio-analysis/4cGKVwV5zyzWkZ24NIjACt,117712,4,Above The Clouds
36,0.38,0.0463,3,-29.616,1,0.0343,0.994,0.931,0.151,0.348,89.061,audio_features,31IUuZEPubpKyDY4lqKBo6,spotify:track:31IUuZEPubpKyDY4lqKBo6,https://api.spotify.com/v1/tracks/31IUuZEPubpKyDY4lqKBo6,https://api.spotify.com/v1/audio-analysis/31IUuZEPubpKyDY4lqKBo6,125801,4,One Wing
37,0.314,0.107,0,-23.937,0,0.0389,0.991,0.884,0.0819,0.145,137.922,audio_features,5eRABkMT7Qnnw6XQgVesyU,spotify:track:5eRABkMT7Qnnw6XQgVesyU,https://api.spotify.com/v1/tracks/5eRABkMT7Qnnw6XQgVesyU,https://api.spotify.com/v1/audio-analysis/5eRABkMT7Qnnw6XQgVesyU,165294,3,Sky Wheel
38,0.301,0.0168,9,-26.85,1,0.0364,0.977,0.963,0.0731,0.045,65.585,audio_features,3Kxk2coQTg8JFXJrcjAYZT,spotify:track:3Kxk2coQTg8JFXJrcjAYZT,https://api.spotify.com/v1/tracks/3Kxk2coQTg8JFXJrcjAYZT,https://api.spotify.com/v1/audio-analysis/3Kxk2coQTg8JFXJrcjAYZT,189228,4,Cuna
39,0.316,0.0617,5,-28.556,0,0.0496,0.995,0.93,0.116,0.19,70.132,audio_features,0fHo89AiSS0X3ycHHKnIoU,spotify:track:0fHo89AiSS0X3ycHHKnIoU,https://api.spotify.com/v1/tracks/0fHo89AiSS0X3ycHHKnIoU,https://api.spotify.com/v1/audio-analysis/0fHo89AiSS0X3ycHHKnIoU,152069,3,Water
40,0.372,0.0542,7,-23.856,0,0.0414,0.956,0.94,0.105,0.0343,109.256,audio_features,4SdYouir6PMejqqE3B9WqE,spotify:track:4SdYouir6PMejqqE3B9WqE,https://api.spotify.com/v1/tracks/4SdYouir6PMejqqE3B9WqE,https://api.spotify.com/v1/audio-analysis/4SdYouir6PMejqqE3B9WqE,270093,4,2016
41,0.464,0.0586,2,-24.762,0,0.046,0.992,0.958,0.0918,0.372,119.581,audio_features,4MEQkYg6D715wDzzm5r5K6,spotify:track:4MEQkYg6D715wDzzm5r5K6,https://api.spotify.com/v1/tracks/4MEQkYg6D715wDzzm5r5K6,https://api.spotify.com/v1/audio-analysis/4MEQkYg6D715wDzzm5r5K6,134467,3,Minuit à Paris
42,0.469,0.0246,7,-26.953,0,0.0377,0.993,0.882,0.12,0.367,98.155,audio_features,6cwjlkOqUP03x3bKNnAFVM,spotify:track:6cwjlkOqUP03x3bKNnAFVM,https://api.spotify.com/v1/tracks/6cwjlkOqUP03x3bKNnAFVM,https://api.spotify.com/v1/audio-analysis/6cwjlkOqUP03x3bKNnAFVM,87445,4,Spaces
43,0.381,0.0218,2,-27.422,1,0.046,0.994,0.941,0.079,0.34,134.062,audio_features,4QMnY8yCam7Gjuo3DdRMA7,spotify:track:4QMnY8yCam7Gjuo3DdRMA7,https://api.spotify.com/v1/tracks/4QMnY8yCam7Gjuo3DdRMA7,https://api.spotify.com/v1/audio-analysis/4QMnY8yCam7Gjuo3DdRMA7,170500,4,Time Of Loneliness
44,0.237,0.01,9,-28.81,0,0.0301,0.981,0.95,0.0901,0.104,81.319,audio_features,77UkJO0EKrR4GHko7WsOEB,spotify:track:77UkJO0EKrR4GHko7WsOEB,https://api.spotify.com/v1/tracks/77UkJO0EKrR4GHko7WsOEB,https://api.spotify.com/v1/audio-analysis/77UkJO0EKrR4GHko7WsOEB,108257,4,Breath Hold
45,0.483,0.0274,6,-24.966,1,0.0493,0.971,0.944,0.101,0.217,160.584,audio_features,4Y0sakC0g6TBWV4oPN3Z46,spotify:track:4Y0sakC0g6TBWV4oPN3Z46,https://api.spotify.com/v1/tracks/4Y0sakC0g6TBWV4oPN3Z46,https://api.spotify.com/v1/audio-analysis/4Y0sakC0g6TBWV4oPN3Z46,262507,4,Peace of Mind
46,0.206,0.0104,2,-32.569,1,0.0416,0.992,0.935,0.103,0.0392,182.377,audio_features,4hz8dBDxv3khizVVSmCX3G,spotify:track:4hz8dBDxv3khizVVSmCX3G,https://api.spotify.com/v1/tracks/4hz8dBDxv3khizVVSmCX3G,https://api.spotify.com/v1/audio-analysis/4hz8dBDxv3khizVVSmCX3G,294000,4,Aria
47,0.228,0.0659,2,-20.821,1,0.0419,0.991,0.951,0.109,0.279,168.48,audio_features,1eTMJio99kiOQwr74oGPc9,spotify:track:1eTMJio99kiOQwr74oGPc9,https://api.spotify.com/v1/tracks/1eTMJio99kiOQwr74oGPc9,https://api.spotify.com/v1/audio-analysis/1eTMJio99kiOQwr74oGPc9,131059,3,Distant
48,0.248,0.118,10,-18.366,1,0.0411,0.976,0.697,0.0953,0.132,77.177,audio_features,0eyQueQWn2ckMrFXRKvGV8,spotify:track:0eyQueQWn2ckMrFXRKvGV8,https://api.spotify.com/v1/tracks/0eyQueQWn2ckMrFXRKvGV8,https://api.spotify.com/v1/audio-analysis/0eyQueQWn2ckMrFXRKvGV8,140453,4,Morricone: Cinema Paradiso: Childhood and Manhood
49,0.292,0.211,2,-18.296,0,0.0535,0.994,0.896,0.121,0.039,105.059,audio_features,3gTU5Ug2TbdzhqiMhkte9L,spotify:track:3gTU5Ug2TbdzhqiMhkte9L,https://api.spotify.com/v1/tracks/3gTU5Ug2TbdzhqiMhkte9L,https://api.spotify.com/v1/audio-analysis/3gTU5Ug2TbdzhqiMhkte9L,152626,4,Mosa
50,0.23,0.146,5,-13.647,1,0.0377,0.976,0.955,0.115,0.0794,129.487,audio_features,2tvq9gve0QmB7wP8NvD7ah,spotify:track:2tvq9gve0QmB7wP8NvD7ah,https://api.spotify.com/v1/tracks/2tvq9gve0QmB7wP8NvD7ah,https://api.spotify.com/v1/audio-analysis/2tvq9gve0QmB7wP8NvD7ah,160748,4,"The Carnival of the Animals, R. 125: No. 13, The Swan"
51,0.468,0.0151,5,-29.485,1,0.0483,0.995,0.936,0.104,0.401,105.003,audio_features,4Ar1WA7IsWHhxkDRgKWo4t,spotify:track:4Ar1WA7IsWHhxkDRgKWo4t,https://api.spotify.com/v1/tracks/4Ar1WA7IsWHhxkDRgKWo4t,https://api.spotify.com/v1/audio-analysis/4Ar1WA7IsWHhxkDRgKWo4t,176285,4,Sorrow
52,0.3,0.0268,6,-26.397,1,0.0403,0.989,0.912,0.0864,0.0394,168.235,audio_features,0pPCPFOOYEKMxlYhH3blQ4,spotify:track:0pPCPFOOYEKMxlYhH3blQ4,https://api.spotify.com/v1/tracks/0pPCPFOOYEKMxlYhH3blQ4,https://api.spotify.com/v1/audio-analysis/0pPCPFOOYEKMxlYhH3blQ4,353053,4,"Dvorák / Transc. Lenaerts: Rusalka, Op. 114, Act 1: Song to the Moon"
53,0.407,0.034,5,-25.566,0,0.0399,0.993,0.923,0.156,0.0884,72.55,audio_features,6Ky9cixiNakoE7TUiuwh7c,spotify:track:6Ky9cixiNakoE7TUiuwh7c,https://api.spotify.com/v1/tracks/6Ky9cixiNakoE7TUiuwh7c,https://api.spotify.com/v1/audio-analysis/6Ky9cixiNakoE7TUiuwh7c,368238,3,Queen of the Lake
54,0.381,0.0387,1,-30.347,1,0.0398,0.993,0.905,0.103,0.306,76.778,audio_features,5eWWzBTg0AVN2J63EeqfzH,spotify:track:5eWWzBTg0AVN2J63EeqfzH,https://api.spotify.com/v1/tracks/5eWWzBTg0AVN2J63EeqfzH,https://api.spotify.com/v1/audio-analysis/5eWWzBTg0AVN2J63EeqfzH,146037,3,Caught By The Wind
55,0.598,0.184,7,-17.049,1,0.0487,0.982,0.932,0.085,0.365,90.07,audio_features,7EWvXC9YJs6sZZiadawG7C,spotify:track:7EWvXC9YJs6sZZiadawG7C,https://api.spotify.com/v1/tracks/7EWvXC9YJs6sZZiadawG7C,https://api.spotify.com/v1/audio-analysis/7EWvXC9YJs6sZZiadawG7C,229165,4,Rainy Days
56,0.388,0.238,4,-17.414,0,0.0319,0.987,0.93,0.124,0.128,100.032,audio_features,4Tzhr9FMbOsqNHQYc0i0mf,spotify:track:4Tzhr9FMbOsqNHQYc0i0mf,https://api.spotify.com/v1/tracks/4Tzhr9FMbOsqNHQYc0i0mf,https://api.spotify.com/v1/audio-analysis/4Tzhr9FMbOsqNHQYc0i0mf,203973,4,Larmes glacées
57,0.324,0.0357,11,-27.164,0,0.0474,0.996,0.895,0.0652,0.193,73.68,audio_features,1JonBAmA4NzzwnTqFijTOe,spotify:track:1JonBAmA4NzzwnTqFijTOe,https://api.spotify.com/v1/tracks/1JonBAmA4NzzwnTqFijTOe,https://api.spotify.com/v1/audio-analysis/1JonBAmA4NzzwnTqFijTOe,214467,3,"Franck: Prélude, Fugue et Variation, Op. 18, FWV 30: Prélude"
58,0.278,0.00149,0,-30.191,1,0.0509,0.994,0.951,0.11,0.173,66.73,audio_features,0tZfPF6fHTz6oHKS3rHgBB,spotify:track:0tZfPF6fHTz6oHKS3rHgBB,https://api.spotify.com/v1/tracks/0tZfPF6fHTz6oHKS3rHgBB,https://api.spotify.com/v1/audio-analysis/0tZfPF6fHTz6oHKS3rHgBB,150000,5,Piano Mantra At 432 Hz Capitulum IV
59,0.523,0.0308,0,-25.223,0,0.0777,0.992,0.955,0.105,0.112,72.642,audio_features,4sKDdeCwy7XPYt1kokcvmB,spotify:track:4sKDdeCwy7XPYt1kokcvmB,https://api.spotify.com/v1/tracks/4sKDdeCwy7XPYt1kokcvmB,https://api.spotify.com/v1/audio-analysis/4sKDdeCwy7XPYt1kokcvmB,151797,3,Valse Germaine
60,0.334,0.0512,10,-19.13,0,0.0492,0.993,0.903,0.111,0.151,128.628,audio_features,79FhCaNzIemK2DSibOmErj,spotify:track:79FhCaNzIemK2DSibOmErj,https://api.spotify.com/v1/tracks/79FhCaNzIemK2DSibOmErj,https://api.spotify.com/v1/audio-analysis/79FhCaNzIemK2DSibOmErj,150086,4,Dream
61,0.505,0.0692,0,-24.601,1,0.0505,0.993,0.889,0.107,0.18,74.847,audio_features,6718WRgJeyaMF7G7SZF9Su,spotify:track:6718WRgJeyaMF7G7SZF9Su,https://api.spotify.com/v1/tracks/6718WRgJeyaMF7G7SZF9Su,https://api.spotify.com/v1/audio-analysis/6718WRgJeyaMF7G7SZF9Su,144928,4,Ensamhet
62,0.182,0.0536,0,-15.681,0,0.0386,0.985,0.93,0.114,0.0403,80.459,audio_features,1VeVjPVQiKQmGk2sV83lQp,spotify:track:1VeVjPVQiKQmGk2sV83lQp,https://api.spotify.com/v1/tracks/1VeVjPVQiKQmGk2sV83lQp,https://api.spotify.com/v1/audio-analysis/1VeVjPVQiKQmGk2sV83lQp,168634,1,"Preludes, Op. 28: No. 4, Largo"
63,0.103,0.114,10,-20.098,1,0.0456,0.931,0.787,0.141,0.0488,89.754,audio_features,35bfCo1peMNIjrsrMPm7Aw,spotify:track:35bfCo1peMNIjrsrMPm7Aw,https://api.spotify.com/v1/tracks/35bfCo1peMNIjrsrMPm7Aw,https://api.spotify.com/v1/audio-analysis/35bfCo1peMNIjrsrMPm7Aw,326787,4,Vladimir Martynov: The Beatitudes
64,0.282,0.161,10,-26.923,1,0.0712,0.993,0.876,0.0738,0.243,171.333,audio_features,66M6mxwGxOjUQJyPBeSXBU,spotify:track:66M6mxwGxOjUQJyPBeSXBU,https://api.spotify.com/v1/tracks/66M6mxwGxOjUQJyPBeSXBU,https://api.spotify.com/v1/audio-analysis/66M6mxwGxOjUQJyPBeSXBU,289237,3,Berlin
65,0.281,0.0422,2,-23.163,0,0.0347,0.994,0.942,0.0744,0.0579,78.412,audio_features,55NXU6KkO9PkYE94vINvWH,spotify:track:55NXU6KkO9PkYE94vINvWH,https://api.spotify.com/v1/tracks/55NXU6KkO9PkYE94vINvWH,https://api.spotify.com/v1/audio-analysis/55NXU6KkO9PkYE94vINvWH,265707,4,Montero: Beyond Bach:
66,0.439,0.0359,10,-27.508,1,0.0577,0.996,0.94,0.107,0.0775,107.353,audio_features,14sKAbkXofaqoVmEP52Ire,spotify:track:14sKAbkXofaqoVmEP52Ire,https://api.spotify.com/v1/tracks/14sKAbkXofaqoVmEP52Ire,https://api.spotify.com/v1/audio-analysis/14sKAbkXofaqoVmEP52Ire,152138,4,Nocturne
67,0.419,0.0334,5,-22.151,0,0.0441,0.977,0.895,0.0776,0.0391,111.273,audio_features,3AdRM4QJ1MkUlXqlclvQgZ,spotify:track:3AdRM4QJ1MkUlXqlclvQgZ,https://api.spotify.com/v1/tracks/3AdRM4QJ1MkUlXqlclvQgZ,https://api.spotify.com/v1/audio-analysis/3AdRM4QJ1MkUlXqlclvQgZ,247400,4,LA
68,0.391,0.00688,0,-29.444,1,0.0372,0.995,0.898,0.138,0.252,103.481,audio_features,2dIDXV4Hz9HSfaSchwMlRk,spotify:track:2dIDXV4Hz9HSfaSchwMlRk,https://api.spotify.com/v1/tracks/2dIDXV4Hz9HSfaSchwMlRk,https://api.spotify.com/v1/audio-analysis/2dIDXV4Hz9HSfaSchwMlRk,68581,4,Eva's Bucketlist
69,0.222,0.0775,11,-21.517,0,0.0439,0.973,0.832,0.097,0.149,121.265,audio_features,5qY0DKB7qYMHAw5qSFAUs9,spotify:track:5qY0DKB7qYMHAw5qSFAUs9,https://api.spotify.com/v1/tracks/5qY0DKB7qYMHAw5qSFAUs9,https://api.spotify.com/v1/audio-analysis/5qY0DKB7qYMHAw5qSFAUs9,161080,1,Hurwitz / Arr. Bouchard: La la land: Mia and Sebastian's Theme
70,0.187,0.0233,3,-28.782,1,0.0369,0.991,0.807,0.112,0.121,82.643,audio_features,5ccHob3neg5ciFjZpwSLif,spotify:track:5ccHob3neg5ciFjZpwSLif,https://api.spotify.com/v1/tracks/5ccHob3neg5ciFjZpwSLif,https://api.spotify.com/v1/audio-analysis/5ccHob3neg5ciFjZpwSLif,137143,4,Lucie
71,0.377,0.018,7,-26.096,0,0.0402,0.99,0.907,0.119,0.169,125.692,audio_features,043gKm0VHg2tcJogeGDNPH,spotify:track:043gKm0VHg2tcJogeGDNPH,https://api.spotify.com/v1/tracks/043gKm0VHg2tcJogeGDNPH,https://api.spotify.com/v1/audio-analysis/043gKm0VHg2tcJogeGDNPH,187500,4,That Morning on the Beach
72,0.264,0.267,0,-16.947,1,0.0407,0.984,0.917,0.105,0.117,81.525,audio_features,5vEVDuYlXrHEkLYIztU722,spotify:track:5vEVDuYlXrHEkLYIztU722,https://api.spotify.com/v1/tracks/5vEVDuYlXrHEkLYIztU722,https://api.spotify.com/v1/audio-analysis/5vEVDuYlXrHEkLYIztU722,132547,4,Bee
73,0.363,0.0446,7,-33.317,0,0.0493,0.995,0.9,0.0683,0.371,101.384,audio_features,5Zp1QBSyZbfggs3pf08nri,spotify:track:5Zp1QBSyZbfggs3pf08nri,https://api.spotify.com/v1/tracks/5Zp1QBSyZbfggs3pf08nri,https://api.spotify.com/v1/audio-analysis/5Zp1QBSyZbfggs3pf08nri,233453,4,"Bach, JS / Arr. Kempff: Flute Sonata No. 2 in E-Flat Major, BWV 1031: II. Siciliano"
74,0.305,0.167,10,-19.799,1,0.0368,0.987,0.942,0.105,0.163,98.0,audio_features,5vgNimT0hzuEm9E6ZhSMyN,spotify:track:5vgNimT0hzuEm9E6ZhSMyN,https://api.spotify.com/v1/tracks/5vgNimT0hzuEm9E6ZhSMyN,https://api.spotify.com/v1/audio-analysis/5vgNimT0hzuEm9E6ZhSMyN,157870,4,Waltz For Waving Starlings
75,0.298,0.0768,9,-27.359,0,0.0437,0.991,0.936,0.075,0.131,148.876,audio_features,32X87bmE4GlxY8pz6V2Nt4,spotify:track:32X87bmE4GlxY8pz6V2Nt4,https://api.spotify.com/v1/tracks/32X87bmE4GlxY8pz6V2Nt4,https://api.spotify.com/v1/audio-analysis/32X87bmE4GlxY8pz6V2Nt4,187997,4,Inner Flame
76,0.341,0.0823,5,-23.922,0,0.0377,0.981,0.881,0.114,0.0396,111.17,audio_features,1zFkdQz9JTr02jBEekVp8e,spotify:track:1zFkdQz9JTr02jBEekVp8e,https://api.spotify.com/v1/tracks/1zFkdQz9JTr02jBEekVp8e,https://api.spotify.com/v1/audio-analysis/1zFkdQz9JTr02jBEekVp8e,202823,5,Solitude
77,0.595,0.0336,4,-28.536,0,0.0363,0.995,0.923,0.0755,0.379,110.415,audio_features,4IyEmEb8cY23KFyqEIqlzy,spotify:track:4IyEmEb8cY23KFyqEIqlzy,https://api.spotify.com/v1/tracks/4IyEmEb8cY23KFyqEIqlzy,https://api.spotify.com/v1/audio-analysis/4IyEmEb8cY23KFyqEIqlzy,173163,4,Aura
78,0.16,0.044,5,-22.655,0,0.0406,0.972,0.933,0.112,0.058,132.819,audio_features,5v224riPNwKQi5zJXRwkwi,spotify:track:5v224riPNwKQi5zJXRwkwi,https://api.spotify.com/v1/tracks/5v224riPNwKQi5zJXRwkwi,https://api.spotify.com/v1/audio-analysis/5v224riPNwKQi5zJXRwkwi,192133,4,"Fauré: 3 Songs, Op. 7: I. Après un rêve (Arr. for Trumpet & Orchestra)"
79,0.408,0.0877,9,-19.623,0,0.0388,0.991,0.923,0.107,0.123,75.115,audio_features,45RSaYVNGZhdpjbqcAukYI,spotify:track:45RSaYVNGZhdpjbqcAukYI,https://api.spotify.com/v1/tracks/45RSaYVNGZhdpjbqcAukYI,https://api.spotify.com/v1/audio-analysis/45RSaYVNGZhdpjbqcAukYI,155947,4,Sweet awakening
80,0.219,0.0531,9,-26.061,0,0.0378,0.994,0.936,0.0726,0.113,190.593,audio_features,3GZhHHC8YtPWJoUcfLpTfv,spotify:track:3GZhHHC8YtPWJoUcfLpTfv,https://api.spotify.com/v1/tracks/3GZhHHC8YtPWJoUcfLpTfv,https://api.spotify.com/v1/audio-analysis/3GZhHHC8YtPWJoUcfLpTfv,152930,3,Evening Song
81,0.368,0.0477,3,-24.182,1,0.052,0.988,0.925,0.226,0.16,124.953,audio_features,7DRMY6fqPohP2ZYWAc0api,spotify:track:7DRMY6fqPohP2ZYWAc0api,https://api.spotify.com/v1/tracks/7DRMY6fqPohP2ZYWAc0api,https://api.spotify.com/v1/audio-analysis/7DRMY6fqPohP2ZYWAc0api,150795,3,Elixir
82,0.323,0.0483,8,-28.433,1,0.0373,0.988,0.91,0.108,0.27,164.003,audio_features,5ekzdAVbIxsy7lrFop0OI6,spotify:track:5ekzdAVbIxsy7lrFop0OI6,https://api.spotify.com/v1/tracks/5ekzdAVbIxsy7lrFop0OI6,https://api.spotify.com/v1/audio-analysis/5ekzdAVbIxsy7lrFop0OI6,203682,4,Puur
83,0.725,0.341,2,-13.093,1,0.0594,0.975,0.92,0.109,0.282,105.984,audio_features,3I04L33xFCn9YYFOMo7mNW,spotify:track:3I04L33xFCn9YYFOMo7mNW,https://api.spotify.com/v1/tracks/3I04L33xFCn9YYFOMo7mNW,https://api.spotify.com/v1/audio-analysis/3I04L33xFCn9YYFOMo7mNW,221936,4,Distance
84,0.59,0.0424,10,-24.222,0,0.042,0.995,0.92,0.138,0.213,122.341,audio_features,1evMxzm6ALYVrMuL6zvA7w,spotify:track:1evMxzm6ALYVrMuL6zvA7w,https://api.spotify.com/v1/tracks/1evMxzm6ALYVrMuL6zvA7w,https://api.spotify.com/v1/audio-analysis/1evMxzm6ALYVrMuL6zvA7w,123331,4,Piano Mantra At 432 Hz Capitulum III
85,0.243,0.127,9,-24.257,0,0.041,0.945,0.918,0.109,0.0391,82.533,audio_features,2FiaLkA84tqOENo6RnpO6S,spotify:track:2FiaLkA84tqOENo6RnpO6S,https://api.spotify.com/v1/tracks/2FiaLkA84tqOENo6RnpO6S,https://api.spotify.com/v1/audio-analysis/2FiaLkA84tqOENo6RnpO6S,156045,4,Through Clouds
86,0.299,0.0613,9,-26.114,0,0.043,0.993,0.909,0.108,0.133,128.355,audio_features,5xYfEr5K3ElA579GiEG6bO,spotify:track:5xYfEr5K3ElA579GiEG6bO,https://api.spotify.com/v1/tracks/5xYfEr5K3ElA579GiEG6bO,https://api.spotify.com/v1/audio-analysis/5xYfEr5K3ElA579GiEG6bO,113804,4,Meadow
87,0.336,0.146,9,-22.099,0,0.053,0.984,0.914,0.0845,0.0746,118.649,audio_features,4kS8r2FYzkJlY3AU1pzJ2d,spotify:track:4kS8r2FYzkJlY3AU1pzJ2d,https://api.spotify.com/v1/tracks/4kS8r2FYzkJlY3AU1pzJ2d,https://api.spotify.com/v1/audio-analysis/4kS8r2FYzkJlY3AU1pzJ2d,132573,3,Nine Pianos
88,0.446,0.0781,2,-25.151,1,0.0639,0.989,0.931,0.0958,0.165,71.176,audio_features,7fMLe5XURJy5rNY2lKivZx,spotify:track:7fMLe5XURJy5rNY2lKivZx,https://api.spotify.com/v1/tracks/7fMLe5XURJy5rNY2lKivZx,https://api.spotify.com/v1/audio-analysis/7fMLe5XURJy5rNY2lKivZx,126147,3,Pavane
89,0.372,0.0448,7,-28.13,0,0.0379,0.993,0.933,0.182,0.132,133.77,audio_features,6ZkWwMg4VWHq3Cr72WKujA,spotify:track:6ZkWwMg4VWHq3Cr72WKujA,https://api.spotify.com/v1/tracks/6ZkWwMg4VWHq3Cr72WKujA,https://api.spotify.com/v1/audio-analysis/6ZkWwMg4VWHq3Cr72WKujA,133458,4,Zeevonk
90,0.487,0.0441,7,-25.204,1,0.0516,0.995,0.941,0.0828,0.214,113.473,audio_features,135YvfJTQSpHZFPJSL5Iyc,spotify:track:135YvfJTQSpHZFPJSL5Iyc,https://api.spotify.com/v1/tracks/135YvfJTQSpHZFPJSL5Iyc,https://api.spotify.com/v1/audio-analysis/135YvfJTQSpHZFPJSL5Iyc,190000,4,A Never Ending Cycle
91,0.332,0.0508,5,-29.428,1,0.0401,0.984,0.922,0.111,0.149,111.805,audio_features,5GQbKcvUFTfAAhZWtpdQkX,spotify:track:5GQbKcvUFTfAAhZWtpdQkX,https://api.spotify.com/v1/tracks/5GQbKcvUFTfAAhZWtpdQkX,https://api.spotify.com/v1/audio-analysis/5GQbKcvUFTfAAhZWtpdQkX,148620,4,Saying Nothing
92,0.429,0.0441,0,-24.869,0,0.0365,0.991,0.925,0.0977,0.23,72.023,audio_features,5N9UY3MPBiodI1UxllCxki,spotify:track:5N9UY3MPBiodI1UxllCxki,https://api.spotify.com/v1/tracks/5N9UY3MPBiodI1UxllCxki,https://api.spotify.com/v1/audio-analysis/5N9UY3MPBiodI1UxllCxki,297233,5,The Case Of The Pink Swan
93,0.331,0.0364,7,-23.705,0,0.0375,0.994,0.94,0.0984,0.205,135.769,audio_features,0YsUrNcLq9DJJ11tJ2eYkk,spotify:track:0YsUrNcLq9DJJ11tJ2eYkk,https://api.spotify.com/v1/tracks/0YsUrNcLq9DJJ11tJ2eYkk,https://api.spotify.com/v1/audio-analysis/0YsUrNcLq9DJJ11tJ2eYkk,180486,4,Drøm
94,0.302,0.0321,8,-27.759,1,0.0578,0.995,0.843,0.105,0.0393,72.317,audio_features,0F72XsQWHy3VjHTktpgSKF,spotify:track:0F72XsQWHy3VjHTktpgSKF,https://api.spotify.com/v1/tracks/0F72XsQWHy3VjHTktpgSKF,https://api.spotify.com/v1/audio-analysis/0F72XsQWHy3VjHTktpgSKF,188333,4,"Chopin: 24 Preludes, Op. 28: No. 17 in A-Flat Major"
95,0.262,0.00453,9,-25.364,0,0.0464,0.99,0.955,0.104,0.105,68.915,audio_features,0cLtIxxZubLAcCJWObCRwa,spotify:track:0cLtIxxZubLAcCJWObCRwa,https://api.spotify.com/v1/tracks/0cLtIxxZubLAcCJWObCRwa,https://api.spotify.com/v1/audio-analysis/0cLtIxxZubLAcCJWObCRwa,109500,1,The Oaktree
96,0.371,0.0287,10,-23.384,1,0.0482,0.974,0.908,0.111,0.0958,69.101,audio_features,1BmyEFYqOvbsjyF0Oo8JHR,spotify:track:1BmyEFYqOvbsjyF0Oo8JHR,https://api.spotify.com/v1/tracks/1BmyEFYqOvbsjyF0Oo8JHR,https://api.spotify.com/v1/audio-analysis/1BmyEFYqOvbsjyF0Oo8JHR,267933,4,Equality
97,0.229,0.0495,5,-23.869,1,0.0567,0.975,0.952,0.109,0.0399,78.287,audio_features,6Aybz0jrGi8gZfCiumCZvf,spotify:track:6Aybz0jrGi8gZfCiumCZvf,https://api.spotify.com/v1/tracks/6Aybz0jrGi8gZfCiumCZvf,https://api.spotify.com/v1/audio-analysis/6Aybz0jrGi8gZfCiumCZvf,113911,4,That's Life
98,0.44,0.0264,0,-28.091,1,0.0447,0.995,0.835,0.0934,0.16,111.317,audio_features,3AH1PCDt5UyHYD1tMhKex2,spotify:track:3AH1PCDt5UyHYD1tMhKex2,https://api.spotify.com/v1/tracks/3AH1PCDt5UyHYD1tMhKex2,https://api.spotify.com/v1/audio-analysis/3AH1PCDt5UyHYD1tMhKex2,106286,3,Piano Mantra At 432 Hz Capitulum II
99,0.539,0.038,6,-25.519,1,0.134,0.995,0.959,0.115,0.304,67.07,audio_features,3qoQDMluy90G601mIRrz5h,spotify:track:3qoQDMluy90G601mIRrz5h,https://api.spotify.com/v1/tracks/3qoQDMluy90G601mIRrz5h,https://api.spotify.com/v1/audio-analysis/3qoQDMluy90G601mIRrz5h,157100,3,Reflection
100,0.273,0.0189,3,-29.594,0,0.0415,0.993,0.885,0.103,0.147,179.438,audio_features,3Qksf0uWb2qtioyHG4e383,spotify:track:3Qksf0uWb2qtioyHG4e383,https://api.spotify.com/v1/tracks/3Qksf0uWb2qtioyHG4e383,https://api.spotify.com/v1/audio-analysis/3Qksf0uWb2qtioyHG4e383,202560,3,Remembrance
101,0.463,0.0173,2,-21.205,1,0.0543,0.991,0.949,0.108,0.098,132.069,audio_features,0f1HHfpchlHOP07NFhduI0,spotify:track:0f1HHfpchlHOP07NFhduI0,https://api.spotify.com/v1/tracks/0f1HHfpchlHOP07NFhduI0,https://api.spotify.com/v1/audio-analysis/0f1HHfpchlHOP07NFhduI0,182172,5,Nyhavn
102,0.365,0.0733,7,-30.261,0,0.0388,0.976,0.937,0.125,0.035,129.346,audio_features,2z288mvh7s8FcWFVpTtoVZ,spotify:track:2z288mvh7s8FcWFVpTtoVZ,https://api.spotify.com/v1/tracks/2z288mvh7s8FcWFVpTtoVZ,https://api.spotify.com/v1/audio-analysis/2z288mvh7s8FcWFVpTtoVZ,142000,4,Fragile
103,0.361,0.0215,3,-28.601,1,0.0509,0.995,0.92,0.14,0.216,114.987,audio_features,0kLf0IMqAQQVnp5CylxAO7,spotify:track:0kLf0IMqAQQVnp5CylxAO7,https://api.spotify.com/v1/tracks/0kLf0IMqAQQVnp5CylxAO7,https://api.spotify.com/v1/audio-analysis/0kLf0IMqAQQVnp5CylxAO7,124411,3,And Then It Rained
104,0.244,0.00222,1,-37.414,1,0.0484,0.993,0.855,0.0871,0.053,166.311,audio_features,1O4KA1F034IliMbZv4bUph,spotify:track:1O4KA1F034IliMbZv4bUph,https://api.spotify.com/v1/tracks/1O4KA1F034IliMbZv4bUph,https://api.spotify.com/v1/audio-analysis/1O4KA1F034IliMbZv4bUph,258440,3,Pictures at an Exhibition: The Old Castle/ Il vecchio castello
105,0.389,0.0261,8,-23.471,1,0.0327,0.984,0.918,0.108,0.142,79.833,audio_features,3k5AT38MhVRgUQoo8gBwHh,spotify:track:3k5AT38MhVRgUQoo8gBwHh,https://api.spotify.com/v1/tracks/3k5AT38MhVRgUQoo8gBwHh,https://api.spotify.com/v1/audio-analysis/3k5AT38MhVRgUQoo8gBwHh,260562,4,Daydreaming (feat. Sander van Dijk)
106,0.382,0.0149,10,-22.792,0,0.0418,0.991,0.941,0.138,0.16,64.831,audio_features,4UVVidJrb2HnNlV4cz1erd,spotify:track:4UVVidJrb2HnNlV4cz1erd,https://api.spotify.com/v1/tracks/4UVVidJrb2HnNlV4cz1erd,https://api.spotify.com/v1/audio-analysis/4UVVidJrb2HnNlV4cz1erd,99170,4,Intermission
107,0.524,0.00583,10,-19.882,1,0.0501,0.993,0.935,0.107,0.291,69.263,audio_features,3dZgZCkCZC0uPAHvXxkSnY,spotify:track:3dZgZCkCZC0uPAHvXxkSnY,https://api.spotify.com/v1/tracks/3dZgZCkCZC0uPAHvXxkSnY,https://api.spotify.com/v1/audio-analysis/3dZgZCkCZC0uPAHvXxkSnY,133748,5,REEPERBAHN
108,0.523,0.0207,9,-22.837,1,0.0748,0.956,0.93,0.114,0.0535,124.134,audio_features,7y7FAQLphjht4ltsC0wDRQ,spotify:track:7y7FAQLphjht4ltsC0wDRQ,https://api.spotify.com/v1/tracks/7y7FAQLphjht4ltsC0wDRQ,https://api.spotify.com/v1/audio-analysis/7y7FAQLphjht4ltsC0wDRQ,179411,3,Father
109,0.368,0.0153,9,-28.511,0,0.0453,0.995,0.92,0.102,0.116,124.461,audio_features,5Co7bsBCcpk4LapEtEpFFL,spotify:track:5Co7bsBCcpk4LapEtEpFFL,https://api.spotify.com/v1/tracks/5Co7bsBCcpk4LapEtEpFFL,https://api.spotify.com/v1/audio-analysis/5Co7bsBCcpk4LapEtEpFFL,230000,3,Luna
110,0.317,0.0349,8,-30.853,1,0.037,0.993,0.806,0.117,0.12,74.547,audio_features,2QV0SPhmLDd9jqshZRnLY5,spotify:track:2QV0SPhmLDd9jqshZRnLY5,https://api.spotify.com/v1/tracks/2QV0SPhmLDd9jqshZRnLY5,https://api.spotify.com/v1/audio-analysis/2QV0SPhmLDd9jqshZRnLY5,117625,4,A Gentle Sunlight
111,0.493,0.00161,3,-24.18,1,0.128,0.992,0.944,0.108,0.0,135.721,audio_features,5aBPKUfLrfC5ISjYycdLnY,spotify:track:5aBPKUfLrfC5ISjYycdLnY,https://api.spotify.com/v1/tracks/5aBPKUfLrfC5ISjYycdLnY,https://api.spotify.com/v1/audio-analysis/5aBPKUfLrfC5ISjYycdLnY,59230,5,"What's your Preference, Ferry ?"
112,0.628,0.0803,7,-23.446,1,0.046,0.961,0.925,0.108,0.125,96.036,audio_features,29fUV9kIzhANaC46N3unc1,spotify:track:29fUV9kIzhANaC46N3unc1,https://api.spotify.com/v1/tracks/29fUV9kIzhANaC46N3unc1,https://api.spotify.com/v1/audio-analysis/29fUV9kIzhANaC46N3unc1,220683,3,FRANKFURT AM MAIN
113,0.321,0.0398,10,-25.161,1,0.0376,0.995,0.95,0.176,0.248,140.335,audio_features,0m8KfM9nSHv1ufp3Juog8C,spotify:track:0m8KfM9nSHv1ufp3Juog8C,https://api.spotify.com/v1/tracks/0m8KfM9nSHv1ufp3Juog8C,https://api.spotify.com/v1/audio-analysis/0m8KfM9nSHv1ufp3Juog8C,168928,1,Vida
114,0.323,0.0327,0,-25.705,0,0.0466,0.994,0.937,0.179,0.143,170.529,audio_features,236xtqYRJVTZOZcZ5oe0mb,spotify:track:236xtqYRJVTZOZcZ5oe0mb,https://api.spotify.com/v1/tracks/236xtqYRJVTZOZcZ5oe0mb,https://api.spotify.com/v1/audio-analysis/236xtqYRJVTZOZcZ5oe0mb,178381,4,Prelude
115,0.356,0.0054,7,-34.691,1,0.0503,0.996,0.926,0.0706,0.204,139.378,audio_features,3CRXUxFedFv42Jwltx6rBV,spotify:track:3CRXUxFedFv42Jwltx6rBV,https://api.spotify.com/v1/tracks/3CRXUxFedFv42Jwltx6rBV,https://api.spotify.com/v1/audio-analysis/3CRXUxFedFv42Jwltx6rBV,124729,3,"Kinderszenen, Op. 15: I. Von Fremdem Ländern Und Menschen"
116,0.221,0.0384,9,-22.202,0,0.0373,0.986,0.858,0.127,0.0457,200.42,audio_features,7ndBpqXHQdzAunxplXtzPZ,spotify:track:7ndBpqXHQdzAunxplXtzPZ,https://api.spotify.com/v1/tracks/7ndBpqXHQdzAunxplXtzPZ,https://api.spotify.com/v1/audio-analysis/7ndBpqXHQdzAunxplXtzPZ,168516,3,Remembrance
117,0.236,0.0868,10,-25.58,1,0.0482,0.936,0.897,0.0924,0.0585,101.693,audio_features,57QzfVlz4aVAYXRZlFVA4L,spotify:track:57QzfVlz4aVAYXRZlFVA4L,https://api.spotify.com/v1/tracks/57QzfVlz4aVAYXRZlFVA4L,https://api.spotify.com/v1/audio-analysis/57QzfVlz4aVAYXRZlFVA4L,316720,4,La Balade
118,0.313,0.0318,5,-26.909,1,0.0338,0.989,0.0797,0.0835,0.112,84.686,audio_features,0Oqu3THqxi4dL1LfowsFog,spotify:track:0Oqu3THqxi4dL1LfowsFog,https://api.spotify.com/v1/tracks/0Oqu3THqxi4dL1LfowsFog,https://api.spotify.com/v1/audio-analysis/0Oqu3THqxi4dL1LfowsFog,544653,3,Pärt: Spiegel im Spiegel
119,0.504,0.0412,3,-23.126,0,0.0324,0.97,0.905,0.108,0.117,99.991,audio_features,7hcHSv7pAIW6T9qOIaPMDW,spotify:track:7hcHSv7pAIW6T9qOIaPMDW,https://api.spotify.com/v1/tracks/7hcHSv7pAIW6T9qOIaPMDW,https://api.spotify.com/v1/audio-analysis/7hcHSv7pAIW6T9qOIaPMDW,195020,4,The Young Weaver
120,0.576,0.0127,0,-23.699,1,0.0909,0.987,0.934,0.104,0.0889,135.659,audio_features,0h56mrNPveaNhX8ht0d0dB,spotify:track:0h56mrNPveaNhX8ht0d0dB,https://api.spotify.com/v1/tracks/0h56mrNPveaNhX8ht0d0dB,https://api.spotify.com/v1/audio-analysis/0h56mrNPveaNhX8ht0d0dB,145637,4,EBERTPLATZ STATION
121,0.646,0.0897,6,-19.288,1,0.0306,0.989,0.912,0.11,0.0546,82.003,audio_features,15iKTR8iv3SML4gBmNrAib,spotify:track:15iKTR8iv3SML4gBmNrAib,https://api.spotify.com/v1/tracks/15iKTR8iv3SML4gBmNrAib,https://api.spotify.com/v1/audio-analysis/15iKTR8iv3SML4gBmNrAib,206760,4,Lullaby
122,0.221,0.0825,9,-29.396,0,0.0382,0.975,0.945,0.0943,0.117,66.741,audio_features,0yjubljoh9Bqsu8dx7y23i,spotify:track:0yjubljoh9Bqsu8dx7y23i,https://api.spotify.com/v1/tracks/0yjubljoh9Bqsu8dx7y23i,https://api.spotify.com/v1/audio-analysis/0yjubljoh9Bqsu8dx7y23i,242360,4,The Island
123,0.437,0.133,0,-20.449,0,0.0335,0.978,0.92,0.119,0.165,103.997,audio_features,4ze7i0x71IYaRMczRb4iTX,spotify:track:4ze7i0x71IYaRMczRb4iTX,https://api.spotify.com/v1/tracks/4ze7i0x71IYaRMczRb4iTX,https://api.spotify.com/v1/audio-analysis/4ze7i0x71IYaRMczRb4iTX,242329,4,XEO
124,0.411,0.0458,2,-23.339,1,0.0413,0.988,0.937,0.0889,0.0371,111.507,audio_features,5mXi3Ii35peDgOwTQ8BTBM,spotify:track:5mXi3Ii35peDgOwTQ8BTBM,https://api.spotify.com/v1/tracks/5mXi3Ii35peDgOwTQ8BTBM,https://api.spotify.com/v1/audio-analysis/5mXi3Ii35peDgOwTQ8BTBM,204960,4,We Were Saving The World (In Your Summer Dress)
125,0.248,0.0399,8,-25.398,1,0.0355,0.98,0.899,0.0762,0.0353,99.527,audio_features,6GhSWUWoeqjNWALggqrlL5,spotify:track:6GhSWUWoeqjNWALggqrlL5,https://api.spotify.com/v1/tracks/6GhSWUWoeqjNWALggqrlL5,https://api.spotify.com/v1/audio-analysis/6GhSWUWoeqjNWALggqrlL5,161067,3,"Chopin: 12 Études, Op. 25: No. 1 in A-Flat Major, ""Aeolian Harp"""
126,0.355,0.0857,1,-24.297,1,0.0419,0.992,0.917,0.108,0.0684,114.557,audio_features,7Mr1Z0tuJZgS109fGcBuRh,spotify:track:7Mr1Z0tuJZgS109fGcBuRh,https://api.spotify.com/v1/tracks/7Mr1Z0tuJZgS109fGcBuRh,https://api.spotify.com/v1/audio-analysis/7Mr1Z0tuJZgS109fGcBuRh,134717,4,Leeloo
127,0.314,0.0252,1,-29.52,0,0.0389,0.984,0.88,0.125,0.0966,95.683,audio_features,5rnpFhTerQAtva8IuFHMnS,spotify:track:5rnpFhTerQAtva8IuFHMnS,https://api.spotify.com/v1/tracks/5rnpFhTerQAtva8IuFHMnS,https://api.spotify.com/v1/audio-analysis/5rnpFhTerQAtva8IuFHMnS,242000,4,Arkata (Munich Session)
128,0.329,0.00309,3,-38.842,0,0.051,0.993,0.968,0.0984,0.063,132.926,audio_features,6VOEirlbSe6jCgUPaNx4Co,spotify:track:6VOEirlbSe6jCgUPaNx4Co,https://api.spotify.com/v1/tracks/6VOEirlbSe6jCgUPaNx4Co,https://api.spotify.com/v1/audio-analysis/6VOEirlbSe6jCgUPaNx4Co,277267,4,"Duma [Rêverie], on a theme of V.A. Loginov"
129,0.336,0.231,11,-19.273,1,0.0406,0.989,0.923,0.115,0.261,149.388,audio_features,4IhWvXjIAsmM7FIF4T73OH,spotify:track:4IhWvXjIAsmM7FIF4T73OH,https://api.spotify.com/v1/tracks/4IhWvXjIAsmM7FIF4T73OH,https://api.spotify.com/v1/audio-analysis/4IhWvXjIAsmM7FIF4T73OH,256240,3,"November 7th, 2020"
130,0.344,0.0146,3,-27.465,0,0.0408,0.994,0.946,0.106,0.55,106.599,audio_features,0Qaz8ffbKKJFTjbqDE6b5Y,spotify:track:0Qaz8ffbKKJFTjbqDE6b5Y,https://api.spotify.com/v1/tracks/0Qaz8ffbKKJFTjbqDE6b5Y,https://api.spotify.com/v1/audio-analysis/0Qaz8ffbKKJFTjbqDE6b5Y,124169,4,Moonlight Avenue
131,0.415,0.183,4,-22.155,0,0.0568,0.994,0.91,0.0792,0.0996,85.645,audio_features,25F6RprytALBbdOhlI1O9a,spotify:track:25F6RprytALBbdOhlI1O9a,https://api.spotify.com/v1/tracks/25F6RprytALBbdOhlI1O9a,https://api.spotify.com/v1/audio-analysis/25F6RprytALBbdOhlI1O9a,254826,4,Najara
132,0.202,0.0802,1,-26.951,1,0.0486,0.862,0.942,0.116,0.0928,76.61,audio_features,3x9YWYWfA4pJGINnInGolP,spotify:track:3x9YWYWfA4pJGINnInGolP,https://api.spotify.com/v1/tracks/3x9YWYWfA4pJGINnInGolP,https://api.spotify.com/v1/audio-analysis/3x9YWYWfA4pJGINnInGolP,150000,4,Birth
133,0.289,0.0937,1,-20.273,1,0.0279,0.986,0.866,0.0885,0.168,87.279,audio_features,2r5lNgEotK2xCKDKT4yYjw,spotify:track:2r5lNgEotK2xCKDKT4yYjw,https://api.spotify.com/v1/tracks/2r5lNgEotK2xCKDKT4yYjw,https://api.spotify.com/v1/audio-analysis/2r5lNgEotK2xCKDKT4yYjw,197573,4,Sweet dream
134,0.483,0.0187,3,-21.464,1,0.0501,0.994,0.936,0.142,0.289,128.268,audio_features,0mtmlJQkHpw5k6DzxeAtUT,spotify:track:0mtmlJQkHpw5k6DzxeAtUT,https://api.spotify.com/v1/tracks/0mtmlJQkHpw5k6DzxeAtUT,https://api.spotify.com/v1/audio-analysis/0mtmlJQkHpw5k6DzxeAtUT,122836,4,Solace
135,0.495,0.0375,2,-22.229,0,0.0346,0.992,0.925,0.122,0.304,79.929,audio_features,0W6NuC8I8VpBDoWjBQoO6P,spotify:track:0W6NuC8I8VpBDoWjBQoO6P,https://api.spotify.com/v1/tracks/0W6NuC8I8VpBDoWjBQoO6P,https://api.spotify.com/v1/audio-analysis/0W6NuC8I8VpBDoWjBQoO6P,234310,4,Ecrire
136,0.323,0.035,6,-25.865,1,0.0329,0.992,0.913,0.115,0.0634,69.682,audio_features,57p7J7Vzp5u8quzKQp41Uo,spotify:track:57p7J7Vzp5u8quzKQp41Uo,https://api.spotify.com/v1/tracks/57p7J7Vzp5u8quzKQp41Uo,https://api.spotify.com/v1/audio-analysis/57p7J7Vzp5u8quzKQp41Uo,169333,4,Saint-Saëns / Arr Godowsky: The Swan (Le cygne)
137,0.3,0.0296,4,-25.094,0,0.0355,0.975,0.913,0.0786,0.0798,68.118,audio_features,2wlUU8uTvjeCetz0EyeF5M,spotify:track:2wlUU8uTvjeCetz0EyeF5M,https://api.spotify.com/v1/tracks/2wlUU8uTvjeCetz0EyeF5M,https://api.spotify.com/v1/audio-analysis/2wlUU8uTvjeCetz0EyeF5M,258000,4,Today and it’s gone (Munich Session)
138,0.636,0.0651,2,-19.672,0,0.0331,0.943,0.908,0.913,0.267,96.209,audio_features,5npjlxN6UTxfL1aRkOBN9N,spotify:track:5npjlxN6UTxfL1aRkOBN9N,https://api.spotify.com/v1/tracks/5npjlxN6UTxfL1aRkOBN9N,https://api.spotify.com/v1/audio-analysis/5npjlxN6UTxfL1aRkOBN9N,201810,4,Fjordeby
139,0.268,0.0277,4,-32.835,0,0.0412,0.991,0.927,0.11,0.163,73.605,audio_features,5EGlELKyjM2NjTzISkEiQr,spotify:track:5EGlELKyjM2NjTzISkEiQr,https://api.spotify.com/v1/tracks/5EGlELKyjM2NjTzISkEiQr,https://api.spotify.com/v1/audio-analysis/5EGlELKyjM2NjTzISkEiQr,138000,4,Motions
140,0.473,0.0457,6,-20.132,1,0.0323,0.981,0.933,0.105,0.125,64.67,audio_features,75foVvPxQjFn6o6vU6CSeS,spotify:track:75foVvPxQjFn6o6vU6CSeS,https://api.spotify.com/v1/tracks/75foVvPxQjFn6o6vU6CSeS,https://api.spotify.com/v1/audio-analysis/75foVvPxQjFn6o6vU6CSeS,167880,4,Noah
141,0.295,0.207,8,-18.213,1,0.0358,0.992,0.931,0.164,0.112,98.39,audio_features,5chao8hfbTSpDzoBjmhBCs,spotify:track:5chao8hfbTSpDzoBjmhBCs,https://api.spotify.com/v1/tracks/5chao8hfbTSpDzoBjmhBCs,https://api.spotify.com/v1/audio-analysis/5chao8hfbTSpDzoBjmhBCs,143973,4,Joy
142,0.667,0.123,5,-21.547,1,0.0442,0.986,0.922,0.111,0.0493,101.959,audio_features,6hmoQGtGtPOP9Z9MiBaKTD,spotify:track:6hmoQGtGtPOP9Z9MiBaKTD,https://api.spotify.com/v1/tracks/6hmoQGtGtPOP9Z9MiBaKTD,https://api.spotify.com/v1/audio-analysis/6hmoQGtGtPOP9Z9MiBaKTD,176844,4,1145 IN MUNICH
143,0.413,0.0297,9,-30.01,1,0.0527,0.993,0.908,0.134,0.129,72.483,audio_features,1Hred2x5TcWVYnWmPo7PiT,spotify:track:1Hred2x5TcWVYnWmPo7PiT,https://api.spotify.com/v1/tracks/1Hred2x5TcWVYnWmPo7PiT,https://api.spotify.com/v1/audio-analysis/1Hred2x5TcWVYnWmPo7PiT,354133,4,"Mozart: Piano Sonata No. 18 in D Major, K. 576: II. Adagio"
144,0.262,0.173,2,-20.825,1,0.0455,0.976,0.893,0.0942,0.0395,138.313,audio_features,1r4WBThE73UfrbmKvD1RBH,spotify:track:1r4WBThE73UfrbmKvD1RBH,https://api.spotify.com/v1/tracks/1r4WBThE73UfrbmKvD1RBH,https://api.spotify.com/v1/audio-analysis/1r4WBThE73UfrbmKvD1RBH,303707,3,Life Cycle (human)
145,0.321,0.00611,4,-38.341,0,0.0362,0.995,0.908,0.09,0.0693,104.311,audio_features,1YcABWwgkfrOSw8VMgDWZU,spotify:track:1YcABWwgkfrOSw8VMgDWZU,https://api.spotify.com/v1/tracks/1YcABWwgkfrOSw8VMgDWZU,https://api.spotify.com/v1/audio-analysis/1YcABWwgkfrOSw8VMgDWZU,205493,4,My fellow creatures
146,0.374,0.0518,7,-23.125,0,0.0398,0.988,0.932,0.0965,0.359,118.842,audio_features,6tThNZ9TRe4CgYeKzD4AR0,spotify:track:6tThNZ9TRe4CgYeKzD4AR0,https://api.spotify.com/v1/tracks/6tThNZ9TRe4CgYeKzD4AR0,https://api.spotify.com/v1/audio-analysis/6tThNZ9TRe4CgYeKzD4AR0,165860,3,Skyer
147,0.162,0.199,9,-18.336,0,0.0327,0.966,0.916,0.103,0.148,180.694,audio_features,4N6f3Nv6CfeiJsmfhSCokt,spotify:track:4N6f3Nv6CfeiJsmfhSCokt,https://api.spotify.com/v1/tracks/4N6f3Nv6CfeiJsmfhSCokt,https://api.spotify.com/v1/audio-analysis/4N6f3Nv6CfeiJsmfhSCokt,170347,3,La Vernatelle
148,0.392,0.0277,5,-23.36,1,0.0502,0.993,0.816,0.0672,0.0451,110.899,audio_features,4nip1Ydpou7LCMdAhftGFh,spotify:track:4nip1Ydpou7LCMdAhftGFh,https://api.spotify.com/v1/tracks/4nip1Ydpou7LCMdAhftGFh,https://api.spotify.com/v1/audio-analysis/4nip1Ydpou7LCMdAhftGFh,268027,4,"Lefèvre: Dernier souffle, Pt. 2"
149,0.474,0.0133,10,-27.539,0,0.049,0.993,0.949,0.0984,0.209,133.229,audio_features,7lIJ3I1ZY2FCwe21uSIAzb,spotify:track:7lIJ3I1ZY2FCwe21uSIAzb,https://api.spotify.com/v1/tracks/7lIJ3I1ZY2FCwe21uSIAzb,https://api.spotify.com/v1/audio-analysis/7lIJ3I1ZY2FCwe21uSIAzb,137397,1,Echoes Of Life
150,0.497,0.0055,7,-27.355,0,0.0452,0.995,0.943,0.124,0.0538,50.064,audio_features,0iCopFhTWEvevNKwXOOSgx,spotify:track:0iCopFhTWEvevNKwXOOSgx,https://api.spotify.com/v1/tracks/0iCopFhTWEvevNKwXOOSgx,https://api.spotify.com/v1/audio-analysis/0iCopFhTWEvevNKwXOOSgx,158340,4,Lullaby
151,0.237,0.00303,0,-35.785,1,0.0501,0.968,0.924,0.144,0.117,70.531,audio_features,6p1kvesAFVWEGy4V2l7ecB,spotify:track:6p1kvesAFVWEGy4V2l7ecB,https://api.spotify.com/v1/tracks/6p1kvesAFVWEGy4V2l7ecB,https://api.spotify.com/v1/audio-analysis/6p1kvesAFVWEGy4V2l7ecB,170000,5,Infinityplusone
152,0.729,0.256,9,-21.863,0,0.0504,0.993,0.916,0.0808,0.262,160.02,audio_features,23DfSN10zAP8z4RcJVdsOV,spotify:track:23DfSN10zAP8z4RcJVdsOV,https://api.spotify.com/v1/tracks/23DfSN10zAP8z4RcJVdsOV,https://api.spotify.com/v1/audio-analysis/23DfSN10zAP8z4RcJVdsOV,153000,4,Piano Mantra At 432 Hz Capitulum I
153,0.349,0.0319,7,-23.1,0,0.0473,0.993,0.959,0.113,0.0754,68.241,audio_features,4R7slwBVPNojCD9m9tz8UM,spotify:track:4R7slwBVPNojCD9m9tz8UM,https://api.spotify.com/v1/tracks/4R7slwBVPNojCD9m9tz8UM,https://api.spotify.com/v1/audio-analysis/4R7slwBVPNojCD9m9tz8UM,144466,4,Vézelay
154,0.322,0.0103,3,-27.832,0,0.0452,0.992,0.929,0.0936,0.0314,65.722,audio_features,5hhCCxgvG54e7uKmoeW6ok,spotify:track:5hhCCxgvG54e7uKmoeW6ok,https://api.spotify.com/v1/tracks/5hhCCxgvG54e7uKmoeW6ok,https://api.spotify.com/v1/audio-analysis/5hhCCxgvG54e7uKmoeW6ok,220600,3,"Scott: Lotus Land, Op. 47 No. 1"
155,0.158,0.283,8,-17.661,1,0.029,0.929,0.889,0.108,0.191,80.946,audio_features,698yyux04kySM0ezqzIQhD,spotify:track:698yyux04kySM0ezqzIQhD,https://api.spotify.com/v1/tracks/698yyux04kySM0ezqzIQhD,https://api.spotify.com/v1/audio-analysis/698yyux04kySM0ezqzIQhD,209827,4,Epiphany
156,0.36,0.0307,4,-24.884,0,0.032,0.992,0.932,0.0904,0.034,83.127,audio_features,7C17MpLLwYCfoG0SGfK7Ou,spotify:track:7C17MpLLwYCfoG0SGfK7Ou,https://api.spotify.com/v1/tracks/7C17MpLLwYCfoG0SGfK7Ou,https://api.spotify.com/v1/audio-analysis/7C17MpLLwYCfoG0SGfK7Ou,282000,4,"Six Character Pieces for Piano, MA Ms. 44: No. 9, Largo con espressione in E Minor"
157,0.202,0.119,2,-23.191,1,0.0383,0.986,0.902,0.0831,0.0289,66.477,audio_features,0eoHzI456z8FK5o0g7pdGn,spotify:track:0eoHzI456z8FK5o0g7pdGn,https://api.spotify.com/v1/tracks/0eoHzI456z8FK5o0g7pdGn,https://api.spotify.com/v1/audio-analysis/0eoHzI456z8FK5o0g7pdGn,420187,4,"Ravel: Miroirs, M. 43: III. Une barque sur l'océan"
158,0.41,0.0123,0,-29.161,0,0.0419,0.993,0.9,0.0871,0.0355,119.505,audio_features,7mWOySuZCM1exU4WVdBdDe,spotify:track:7mWOySuZCM1exU4WVdBdDe,https://api.spotify.com/v1/tracks/7mWOySuZCM1exU4WVdBdDe,https://api.spotify.com/v1/audio-analysis/7mWOySuZCM1exU4WVdBdDe,320000,4,Surges (variation)
159,0.707,0.00879,0,-27.178,0,0.0851,0.994,0.97,0.0854,0.228,67.101,audio_features,52jyQ5aa7PE00k8vndxbp1,spotify:track:52jyQ5aa7PE00k8vndxbp1,https://api.spotify.com/v1/tracks/52jyQ5aa7PE00k8vndxbp1,https://api.spotify.com/v1/audio-analysis/52jyQ5aa7PE00k8vndxbp1,155995,4,Leaving
160,0.328,0.00896,9,-32.422,1,0.0528,0.995,0.886,0.0918,0.0716,83.641,audio_features,2ZJPbabhLakOYRe6GMsynH,spotify:track:2ZJPbabhLakOYRe6GMsynH,https://api.spotify.com/v1/tracks/2ZJPbabhLakOYRe6GMsynH,https://api.spotify.com/v1/audio-analysis/2ZJPbabhLakOYRe6GMsynH,373293,5,"Six Piano Pieces, Op. 118: No. 2, Intermezzo in A Major (Andante teneramente)"
161,0.366,0.159,1,-22.504,1,0.0367,0.988,0.92,0.0949,0.0855,102.033,audio_features,3U5fgy8zCZAuEQFoRbRhl1,spotify:track:3U5fgy8zCZAuEQFoRbRhl1,https://api.spotify.com/v1/tracks/3U5fgy8zCZAuEQFoRbRhl1,https://api.spotify.com/v1/audio-analysis/3U5fgy8zCZAuEQFoRbRhl1,287583,4,"Chopin: Berceuse in D-Flat Major, Op. 57"
162,0.0975,0.0077,9,-34.135,0,0.0471,0.988,0.83,0.0603,0.0989,87.152,audio_features,3I26MLXZxlXnRnta6CKC9A,spotify:track:3I26MLXZxlXnRnta6CKC9A,https://api.spotify.com/v1/tracks/3I26MLXZxlXnRnta6CKC9A,https://api.spotify.com/v1/audio-analysis/3I26MLXZxlXnRnta6CKC9A,190813,4,Einaudi: Una mattina
163,0.273,0.00629,2,-37.902,1,0.0388,0.995,0.901,0.0758,0.121,78.457,audio_features,1IaiOmUOSHcY8zuMOxYw5b,spotify:track:1IaiOmUOSHcY8zuMOxYw5b,https://api.spotify.com/v1/tracks/1IaiOmUOSHcY8zuMOxYw5b,https://api.spotify.com/v1/audio-analysis/1IaiOmUOSHcY8zuMOxYw5b,163972,4,"Bach, J.S.: Goldberg Variations, BWV 988: Aria da capo"
164,0.405,0.0109,0,-28.615,0,0.0532,0.994,0.927,0.147,0.15,119.785,audio_features,1khguN5ynXbwuY1k2gi9Nc,spotify:track:1khguN5ynXbwuY1k2gi9Nc,https://api.spotify.com/v1/tracks/1khguN5ynXbwuY1k2gi9Nc,https://api.spotify.com/v1/audio-analysis/1khguN5ynXbwuY1k2gi9Nc,195429,3,While/Asleep
165,0.25,0.337,7,-19.788,0,0.0439,0.971,0.854,0.153,0.267,135.927,audio_features,5qFgbfJdFZGjVhwGjaS68T,spotify:track:5qFgbfJdFZGjVhwGjaS68T,https://api.spotify.com/v1/tracks/5qFgbfJdFZGjVhwGjaS68T,https://api.spotify.com/v1/audio-analysis/5qFgbfJdFZGjVhwGjaS68T,160118,4,The Frenchman (Piano Solo)
166,0.196,0.0134,0,-28.448,1,0.035,0.994,0.964,0.111,0.118,67.142,audio_features,1EAF1csrPlm0tVS5h8cTjX,spotify:track:1EAF1csrPlm0tVS5h8cTjX,https://api.spotify.com/v1/tracks/1EAF1csrPlm0tVS5h8cTjX,https://api.spotify.com/v1/audio-analysis/1EAF1csrPlm0tVS5h8cTjX,91213,3,Not my Father
167,0.416,0.0857,9,-23.241,0,0.0328,0.989,0.889,0.0943,0.135,170.103,audio_features,5izjuTLxCmcU2y6jgJc0AD,spotify:track:5izjuTLxCmcU2y6jgJc0AD,https://api.spotify.com/v1/tracks/5izjuTLxCmcU2y6jgJc0AD,https://api.spotify.com/v1/audio-analysis/5izjuTLxCmcU2y6jgJc0AD,207882,3,"Downton Abbey Suite (From ""Downton Abbey"")"
168,0.453,0.0937,1,-22.879,1,0.0447,0.986,0.962,0.103,0.287,94.664,audio_features,17lTryhSMqSjAb7G1CiMhi,spotify:track:17lTryhSMqSjAb7G1CiMhi,https://api.spotify.com/v1/tracks/17lTryhSMqSjAb7G1CiMhi,https://api.spotify.com/v1/audio-analysis/17lTryhSMqSjAb7G1CiMhi,134000,3,In Hindsight
169,0.463,0.056,9,-23.791,0,0.0442,0.99,0.907,0.0695,0.115,159.915,audio_features,6pmmq51N5wYTht86ROZzbW,spotify:track:6pmmq51N5wYTht86ROZzbW,https://api.spotify.com/v1/tracks/6pmmq51N5wYTht86ROZzbW,https://api.spotify.com/v1/audio-analysis/6pmmq51N5wYTht86ROZzbW,235107,4,Ukiyo
170,0.347,0.232,8,-21.254,1,0.055,0.984,0.916,0.105,0.0373,128.317,audio_features,30iaTIlI5eDTys4zXwUt8Q,spotify:track:30iaTIlI5eDTys4zXwUt8Q,https://api.spotify.com/v1/tracks/30iaTIlI5eDTys4zXwUt8Q,https://api.spotify.com/v1/audio-analysis/30iaTIlI5eDTys4zXwUt8Q,214960,4,Mer de velours
171,0.513,0.102,5,-24.533,1,0.0546,0.992,0.953,0.0826,0.1,119.815,audio_features,7jzS2ryUQFsSSrzCaW6kBh,spotify:track:7jzS2ryUQFsSSrzCaW6kBh,https://api.spotify.com/v1/tracks/7jzS2ryUQFsSSrzCaW6kBh,https://api.spotify.com/v1/audio-analysis/7jzS2ryUQFsSSrzCaW6kBh,109780,4,Snow Prelude No. 3
172,0.335,0.0146,4,-23.818,0,0.0441,0.995,0.883,0.0838,0.0754,73.152,audio_features,2DvAljfHQpHfhcGxajeiHj,spotify:track:2DvAljfHQpHfhcGxajeiHj,https://api.spotify.com/v1/tracks/2DvAljfHQpHfhcGxajeiHj,https://api.spotify.com/v1/audio-analysis/2DvAljfHQpHfhcGxajeiHj,199375,4,"Janáček: On an Overgrown Path, Book I: No. 7, Good Night!"
173,0.305,0.076,6,-22.056,0,0.0457,0.958,0.922,0.111,0.146,61.249,audio_features,67dGckP2J2ZyraECZYmk67,spotify:track:67dGckP2J2ZyraECZYmk67,https://api.spotify.com/v1/tracks/67dGckP2J2ZyraECZYmk67,https://api.spotify.com/v1/audio-analysis/67dGckP2J2ZyraECZYmk67,214739,4,BERLIN
174,0.408,0.104,3,-23.741,1,0.0344,0.992,0.961,0.134,0.165,133.493,audio_features,72fAjofxCAiItnePGxjWWY,spotify:track:72fAjofxCAiItnePGxjWWY,https://api.spotify.com/v1/tracks/72fAjofxCAiItnePGxjWWY,https://api.spotify.com/v1/audio-analysis/72fAjofxCAiItnePGxjWWY,197250,3,Dessner: Song for Octave
175,0.464,0.0216,0,-27.116,1,0.0598,0.996,0.917,0.148,0.235,66.239,audio_features,6vqmHZFcPhSBAhQj9a2XNL,spotify:track:6vqmHZFcPhSBAhQj9a2XNL,https://api.spotify.com/v1/tracks/6vqmHZFcPhSBAhQj9a2XNL,https://api.spotify.com/v1/audio-analysis/6vqmHZFcPhSBAhQj9a2XNL,123384,3,Dream
176,0.285,0.122,9,-20.808,0,0.031,0.977,0.91,0.0924,0.132,98.434,audio_features,4vrFpbku0FEMTOBNn8i32u,spotify:track:4vrFpbku0FEMTOBNn8i32u,https://api.spotify.com/v1/tracks/4vrFpbku0FEMTOBNn8i32u,https://api.spotify.com/v1/audio-analysis/4vrFpbku0FEMTOBNn8i32u,169587,3,Sense of hope
177,0.195,0.0615,8,-19.566,1,0.0452,0.98,0.45,0.127,0.108,103.906,audio_features,0ehGifmxHbDo67adZmaDpg,spotify:track:0ehGifmxHbDo67adZmaDpg,https://api.spotify.com/v1/tracks/0ehGifmxHbDo67adZmaDpg,https://api.spotify.com/v1/audio-analysis/0ehGifmxHbDo67adZmaDpg,137950,3,Charme
178,0.29,0.034,10,-26.262,1,0.0413,0.995,0.933,0.101,0.0962,81.409,audio_features,13ICZa0OovKjtLKURKUbac,spotify:track:13ICZa0OovKjtLKURKUbac,https://api.spotify.com/v1/tracks/13ICZa0OovKjtLKURKUbac,https://api.spotify.com/v1/audio-analysis/13ICZa0OovKjtLKURKUbac,130360,3,Morricone: Cinema Paradiso
179,0.546,0.0656,4,-24.866,0,0.0351,0.982,0.916,0.0894,0.0962,114.254,audio_features,1Ea3CgiSohslXlJ4GY38O4,spotify:track:1Ea3CgiSohslXlJ4GY38O4,https://api.spotify.com/v1/tracks/1Ea3CgiSohslXlJ4GY38O4,https://api.spotify.com/v1/audio-analysis/1Ea3CgiSohslXlJ4GY38O4,228875,4,Footprints
180,0.279,0.0428,4,-28.434,0,0.0317,0.995,0.924,0.0767,0.186,100.031,audio_features,2E2UJ4rkOxIsqb7oKFs7NU,spotify:track:2E2UJ4rkOxIsqb7oKFs7NU,https://api.spotify.com/v1/tracks/2E2UJ4rkOxIsqb7oKFs7NU,https://api.spotify.com/v1/audio-analysis/2E2UJ4rkOxIsqb7oKFs7NU,443483,4,And She Was
181,0.559,0.095,5,-22.734,1,0.0386,0.986,0.957,0.137,0.0653,119.936,audio_features,7yRfWP3u8rT4HVLMZoHX9X,spotify:track:7yRfWP3u8rT4HVLMZoHX9X,https://api.spotify.com/v1/tracks/7yRfWP3u8rT4HVLMZoHX9X,https://api.spotify.com/v1/audio-analysis/7yRfWP3u8rT4HVLMZoHX9X,220386,3,Long: Porcelain
182,0.317,0.0324,0,-30.227,0,0.049,0.995,0.841,0.145,0.207,66.526,audio_features,2UMtLZkOXA0Uwdky3fojNN,spotify:track:2UMtLZkOXA0Uwdky3fojNN,https://api.spotify.com/v1/tracks/2UMtLZkOXA0Uwdky3fojNN,https://api.spotify.com/v1/audio-analysis/2UMtLZkOXA0Uwdky3fojNN,172000,3,Distant
183,0.48,0.0072,1,-32.158,1,0.0613,0.995,0.876,0.0759,0.122,133.153,audio_features,5yRHfATamVvSWmgG9eN0bW,spotify:track:5yRHfATamVvSWmgG9eN0bW,https://api.spotify.com/v1/tracks/5yRHfATamVvSWmgG9eN0bW,https://api.spotify.com/v1/audio-analysis/5yRHfATamVvSWmgG9eN0bW,266467,3,"Montero: Canon (Improvisation after Pachelbel's Canon and Gigue in D Major, P. 37)"
184,0.166,0.0114,7,-35.363,1,0.0443,0.995,0.875,0.116,0.278,61.233,audio_features,2HYi4NA8uOYWUr12fHhFh3,spotify:track:2HYi4NA8uOYWUr12fHhFh3,https://api.spotify.com/v1/tracks/2HYi4NA8uOYWUr12fHhFh3,https://api.spotify.com/v1/audio-analysis/2HYi4NA8uOYWUr12fHhFh3,227120,4,"Bach, JS / Arr. Hess: Jesu Joy of Man's Desiring, BWV 147"
185,0.393,0.175,0,-18.118,0,0.0303,0.989,0.916,0.109,0.28,85.39,audio_features,1qigrSzKYXwOBEvfTKBSZS,spotify:track:1qigrSzKYXwOBEvfTKBSZS,https://api.spotify.com/v1/tracks/1qigrSzKYXwOBEvfTKBSZS,https://api.spotify.com/v1/audio-analysis/1qigrSzKYXwOBEvfTKBSZS,215040,4,Be a Prelude -
186,0.619,0.00736,3,-29.752,1,0.054,0.995,0.963,0.094,0.403,63.701,audio_features,1BFLwrHmwnaNcH8ssiAi5j,spotify:track:1BFLwrHmwnaNcH8ssiAi5j,https://api.spotify.com/v1/tracks/1BFLwrHmwnaNcH8ssiAi5j,https://api.spotify.com/v1/audio-analysis/1BFLwrHmwnaNcH8ssiAi5j,130658,4,"Adagio, Pt. 1"
187,0.403,0.0149,3,-26.643,1,0.0356,0.978,0.864,0.129,0.0623,134.193,audio_features,1O2zv26MpY9wzF2MkRuzxB,spotify:track:1O2zv26MpY9wzF2MkRuzxB,https://api.spotify.com/v1/tracks/1O2zv26MpY9wzF2MkRuzxB,https://api.spotify.com/v1/audio-analysis/1O2zv26MpY9wzF2MkRuzxB,132908,3,Spirited Away
188,0.18,0.00521,2,-28.158,0,0.0372,0.993,0.932,0.07,0.0407,75.584,audio_features,6oSlV8JraDTEGsYi6fvwyr,spotify:track:6oSlV8JraDTEGsYi6fvwyr,https://api.spotify.com/v1/tracks/6oSlV8JraDTEGsYi6fvwyr,https://api.spotify.com/v1/audio-analysis/6oSlV8JraDTEGsYi6fvwyr,132101,5,Maarten's Secret Part II
189,0.491,0.0176,4,-26.911,0,0.0644,0.994,0.927,0.0985,0.0901,125.793,audio_features,3MRQn2RYo2VLYMoStnLRxu,spotify:track:3MRQn2RYo2VLYMoStnLRxu,https://api.spotify.com/v1/tracks/3MRQn2RYo2VLYMoStnLRxu,https://api.spotify.com/v1/audio-analysis/3MRQn2RYo2VLYMoStnLRxu,346587,3,"Ravel: Pavane pour une infante défunte, M. 19"
190,0.503,0.273,2,-18.402,0,0.0275,0.94,0.938,0.0793,0.309,84.942,audio_features,2yCecf11slZnBw2c8xvupv,spotify:track:2yCecf11slZnBw2c8xvupv,https://api.spotify.com/v1/tracks/2yCecf11slZnBw2c8xvupv,https://api.spotify.com/v1/audio-analysis/2yCecf11slZnBw2c8xvupv,191257,4,Angels arms
191,0.518,0.137,4,-24.251,0,0.0458,0.994,0.926,0.0698,0.0693,82.045,audio_features,0bkDTVUhpdG8q2j45MxSj4,spotify:track:0bkDTVUhpdG8q2j45MxSj4,https://api.spotify.com/v1/tracks/0bkDTVUhpdG8q2j45MxSj4,https://api.spotify.com/v1/audio-analysis/0bkDTVUhpdG8q2j45MxSj4,424425,4,Andare
192,0.342,0.035,9,-30.892,1,0.0612,0.987,0.951,0.0759,0.177,139.908,audio_features,386xlCbWT90hIaKvPTcjxj,spotify:track:386xlCbWT90hIaKvPTcjxj,https://api.spotify.com/v1/tracks/386xlCbWT90hIaKvPTcjxj,https://api.spotify.com/v1/audio-analysis/386xlCbWT90hIaKvPTcjxj,170673,4,River Flows In You
193,0.353,0.0174,11,-24.265,1,0.0362,0.994,0.898,0.0713,0.0953,129.765,audio_features,0eNTnJi8QpnHO94EPphckh,spotify:track:0eNTnJi8QpnHO94EPphckh,https://api.spotify.com/v1/tracks/0eNTnJi8QpnHO94EPphckh,https://api.spotify.com/v1/audio-analysis/0eNTnJi8QpnHO94EPphckh,252540,4,"Andante con moto in E Major, Op.19 No. 1"
194,0.226,0.00348,0,-28.933,0,0.0451,0.99,0.715,0.123,0.053,130.74,audio_features,3v2JRgYXG03Rs0ZR1rVEhR,spotify:track:3v2JRgYXG03Rs0ZR1rVEhR,https://api.spotify.com/v1/tracks/3v2JRgYXG03Rs0ZR1rVEhR,https://api.spotify.com/v1/audio-analysis/3v2JRgYXG03Rs0ZR1rVEhR,267920,4,"Schubert: Schwanengesang, D. 957: No. 4 Ständchen"
195,0.529,0.0481,3,-27.086,1,0.0596,0.992,0.907,0.105,0.194,60.994,audio_features,1ujhwV5emf0mty9WfjmjRI,spotify:track:1ujhwV5emf0mty9WfjmjRI,https://api.spotify.com/v1/tracks/1ujhwV5emf0mty9WfjmjRI,https://api.spotify.com/v1/audio-analysis/1ujhwV5emf0mty9WfjmjRI,118560,4,Le Matin
196,0.458,0.119,2,-23.452,1,0.0542,0.989,0.91,0.0935,0.0714,114.551,audio_features,2aa1cxbfZj3vF8JKrmhRYl,spotify:track:2aa1cxbfZj3vF8JKrmhRYl,https://api.spotify.com/v1/tracks/2aa1cxbfZj3vF8JKrmhRYl,https://api.spotify.com/v1/audio-analysis/2aa1cxbfZj3vF8JKrmhRYl,418538,3,I giorni
197,0.258,0.0192,9,-25.113,1,0.0533,0.966,0.928,0.104,0.03,76.605,audio_features,7C2841lZywsT8Jm4Af0Cmp,spotify:track:7C2841lZywsT8Jm4Af0Cmp,https://api.spotify.com/v1/tracks/7C2841lZywsT8Jm4Af0Cmp,https://api.spotify.com/v1/audio-analysis/7C2841lZywsT8Jm4Af0Cmp,240698,4,New Life
198,0.423,0.127,0,-20.901,1,0.0336,0.985,0.844,0.109,0.204,144.998,audio_features,1F7DL5UsoTsfWJNXsYXHoV,spotify:track:1F7DL5UsoTsfWJNXsYXHoV,https://api.spotify.com/v1/tracks/1F7DL5UsoTsfWJNXsYXHoV,https://api.spotify.com/v1/audio-analysis/1F7DL5UsoTsfWJNXsYXHoV,222920,3,Expression
199,0.222,0.138,2,-21.903,1,0.0433,0.982,0.0546,0.0899,0.156,100.741,audio_features,27neOGaYu2fONcrvrVb301,spotify:track:27neOGaYu2fONcrvrVb301,https://api.spotify.com/v1/tracks/27neOGaYu2fONcrvrVb301,https://api.spotify.com/v1/audio-analysis/27neOGaYu2fONcrvrVb301,206480,3,"Berceuse, Op. 16"
200,0.152,0.0161,0,-28.334,1,0.0355,0.976,0.936,0.158,0.0363,77.503,audio_features,0XUq02MXrr2qs0GDQNs47N,spotify:track:0XUq02MXrr2qs0GDQNs47N,https://api.spotify.com/v1/tracks/0XUq02MXrr2qs0GDQNs47N,https://api.spotify.com/v1/audio-analysis/0XUq02MXrr2qs0GDQNs47N,151914,4,Letting go
201,0.434,0.00302,0,-25.766,1,0.0423,0.982,0.944,0.112,0.247,106.602,audio_features,2kvSnQMxQKCaMieNxP8bBH,spotify:track:2kvSnQMxQKCaMieNxP8bBH,https://api.spotify.com/v1/tracks/2kvSnQMxQKCaMieNxP8bBH,https://api.spotify.com/v1/audio-analysis/2kvSnQMxQKCaMieNxP8bBH,158157,4,Gentle Caress
202,0.315,0.0651,5,-25.087,1,0.0529,0.995,0.891,0.0638,0.03,130.145,audio_features,76uH82GW81kVkIrEAiSEx8,spotify:track:76uH82GW81kVkIrEAiSEx8,https://api.spotify.com/v1/tracks/76uH82GW81kVkIrEAiSEx8,https://api.spotify.com/v1/audio-analysis/76uH82GW81kVkIrEAiSEx8,287440,3,Evening Song No. 2
203,0.385,0.0323,3,-30.045,1,0.0406,0.993,0.908,0.116,0.288,132.566,audio_features,4njJK95HpvTWiAbUjdqIVC,spotify:track:4njJK95HpvTWiAbUjdqIVC,https://api.spotify.com/v1/tracks/4njJK95HpvTWiAbUjdqIVC,https://api.spotify.com/v1/audio-analysis/4njJK95HpvTWiAbUjdqIVC,129446,3,Content
204,0.36,0.0225,5,-27.017,1,0.0425,0.995,0.912,0.0872,0.142,128.936,audio_features,7ajHGPs2P1K1TjFH9DoblM,spotify:track:7ajHGPs2P1K1TjFH9DoblM,https://api.spotify.com/v1/tracks/7ajHGPs2P1K1TjFH9DoblM,https://api.spotify.com/v1/audio-analysis/7ajHGPs2P1K1TjFH9DoblM,467027,4,Multiflora
205,0.0741,0.00199,7,-34.153,1,0.0446,0.988,0.967,0.0941,0.305,177.859,audio_features,2DMJlcWgYkElnDZ2iF0e7r,spotify:track:2DMJlcWgYkElnDZ2iF0e7r,https://api.spotify.com/v1/tracks/2DMJlcWgYkElnDZ2iF0e7r,https://api.spotify.com/v1/audio-analysis/2DMJlcWgYkElnDZ2iF0e7r,50491,5,Family Dinner
206,0.391,0.194,8,-21.439,1,0.0569,0.992,0.918,0.0975,0.0375,105.127,audio_features,1qQ1rucxtXg75CHSrFPsSu,spotify:track:1qQ1rucxtXg75CHSrFPsSu,https://api.spotify.com/v1/tracks/1qQ1rucxtXg75CHSrFPsSu,https://api.spotify.com/v1/audio-analysis/1qQ1rucxtXg75CHSrFPsSu,386990,4,Nuvole bianche
207,0.479,0.0138,1,-22.086,0,0.0384,0.993,0.941,0.103,0.217,69.561,audio_features,2i6hfOLhaGc2TOcWYpvb5R,spotify:track:2i6hfOLhaGc2TOcWYpvb5R,https://api.spotify.com/v1/tracks/2i6hfOLhaGc2TOcWYpvb5R,https://api.spotify.com/v1/audio-analysis/2i6hfOLhaGc2TOcWYpvb5R,166890,4,Pray
208,0.317,0.00342,8,-40.283,1,0.0469,0.983,0.908,0.112,0.0467,69.657,audio_features,6wyUdO8ZgximcG768SSIjA,spotify:track:6wyUdO8ZgximcG768SSIjA,https://api.spotify.com/v1/tracks/6wyUdO8ZgximcG768SSIjA,https://api.spotify.com/v1/audio-analysis/6wyUdO8ZgximcG768SSIjA,222773,4,"Au lac de Wallenstadt (from Années de pèlerinage, 1, la Suisse)"
209,0.326,0.00888,11,-28.189,1,0.0373,0.994,0.875,0.073,0.0977,128.569,audio_features,6vBE89wVBC8seTgyzcAY6b,spotify:track:6vBE89wVBC8seTgyzcAY6b,https://api.spotify.com/v1/tracks/6vBE89wVBC8seTgyzcAY6b,https://api.spotify.com/v1/audio-analysis/6vBE89wVBC8seTgyzcAY6b,253467,4,"Songs without Words, Op. 19b: No. 1, Andante con moto in E Major"
210,0.244,0.107,3,-22.906,1,0.0348,0.979,0.869,0.159,0.0325,106.323,audio_features,5U7vahMkL41gueMDNtoLhp,spotify:track:5U7vahMkL41gueMDNtoLhp,https://api.spotify.com/v1/tracks/5U7vahMkL41gueMDNtoLhp,https://api.spotify.com/v1/audio-analysis/5U7vahMkL41gueMDNtoLhp,333733,4,Morning Passages
211,0.422,0.218,2,-23.182,1,0.0472,0.989,0.89,0.0889,0.0755,105.52,audio_features,3HTwENGShrRtALFyXws0kC,spotify:track:3HTwENGShrRtALFyXws0kC,https://api.spotify.com/v1/tracks/3HTwENGShrRtALFyXws0kC,https://api.spotify.com/v1/audio-analysis/3HTwENGShrRtALFyXws0kC,322026,3,Einaudi: Le onde
212,0.24,0.0028,8,-39.683,1,0.0429,0.995,0.864,0.101,0.0943,94.075,audio_features,5pMaL10OC5mxcipntoj0N8,spotify:track:5pMaL10OC5mxcipntoj0N8,https://api.spotify.com/v1/tracks/5pMaL10OC5mxcipntoj0N8,https://api.spotify.com/v1/audio-analysis/5pMaL10OC5mxcipntoj0N8,151320,4,"Moods, Op. 73: IV. Folksong (Andante pastorale)"
213,0.604,0.0225,9,-25.707,1,0.0506,0.991,0.931,0.0956,0.152,69.261,audio_features,6XPtAzmKf0gUtE4pCJDXnA,spotify:track:6XPtAzmKf0gUtE4pCJDXnA,https://api.spotify.com/v1/tracks/6XPtAzmKf0gUtE4pCJDXnA,https://api.spotify.com/v1/audio-analysis/6XPtAzmKf0gUtE4pCJDXnA,135769,4,Skating
214,0.128,0.0363,11,-19.996,0,0.0461,0.943,0.945,0.101,0.0388,78.185,audio_features,0Fot87xQkjF5WyM7B1KQpA,spotify:track:0Fot87xQkjF5WyM7B1KQpA,https://api.spotify.com/v1/tracks/0Fot87xQkjF5WyM7B1KQpA,https://api.spotify.com/v1/audio-analysis/0Fot87xQkjF5WyM7B1KQpA,230213,4,Liberation
215,0.659,0.348,5,-8.634,0,0.149,0.815,0.75,0.11,0.545,179.945,audio_features,2TrGosVOzR2ngHK20HMwjA,spotify:track:2TrGosVOzR2ngHK20HMwjA,https://api.spotify.com/v1/tracks/2TrGosVOzR2ngHK20HMwjA,https://api.spotify.com/v1/audio-analysis/2TrGosVOzR2ngHK20HMwjA,136000,4,Satie-Fi
216,0.298,0.0324,3,-26.794,1,0.0373,0.97,0.94,0.111,0.0796,124.892,audio_features,0o7rDYyPEb6fmMs1PUxwqq,spotify:track:0o7rDYyPEb6fmMs1PUxwqq,https://api.spotify.com/v1/tracks/0o7rDYyPEb6fmMs1PUxwqq,https://api.spotify.com/v1/audio-analysis/0o7rDYyPEb6fmMs1PUxwqq,217853,4,Rota / Arr. Capelletti & Lenaerts: Romeo and Juliet: Love Theme
217,0.578,0.138,7,-18.598,0,0.133,0.986,0.966,0.112,0.296,66.358,audio_features,3bu4mSuT2oCgSxjGYfUDrj,spotify:track:3bu4mSuT2oCgSxjGYfUDrj,https://api.spotify.com/v1/tracks/3bu4mSuT2oCgSxjGYfUDrj,https://api.spotify.com/v1/audio-analysis/3bu4mSuT2oCgSxjGYfUDrj,124000,3,Pastorale
218,0.261,0.0742,9,-25.296,0,0.0423,0.973,0.948,0.107,0.134,210.097,audio_features,5I8wLF4YxtwIiqVxf2LsB9,spotify:track:5I8wLF4YxtwIiqVxf2LsB9,https://api.spotify.com/v1/tracks/5I8wLF4YxtwIiqVxf2LsB9,https://api.spotify.com/v1/audio-analysis/5I8wLF4YxtwIiqVxf2LsB9,284120,3,Eclipse
219,0.589,0.00643,4,-32.69,0,0.158,0.995,0.942,0.0866,0.47,133.427,audio_features,12IFfvwwQxi6brymsYvFJL,spotify:track:12IFfvwwQxi6brymsYvFJL,https://api.spotify.com/v1/tracks/12IFfvwwQxi6brymsYvFJL,https://api.spotify.com/v1/audio-analysis/12IFfvwwQxi6brymsYvFJL,230147,4,"Satie: 3 Gymnopédies: No. 1, Lent et douloureux"
220,0.315,0.0237,11,-30.281,0,0.0465,0.995,0.957,0.0816,0.264,106.438,audio_features,1FfE3dqqMo18LJ8rKlXTjM,spotify:track:1FfE3dqqMo18LJ8rKlXTjM,https://api.spotify.com/v1/tracks/1FfE3dqqMo18LJ8rKlXTjM,https://api.spotify.com/v1/audio-analysis/1FfE3dqqMo18LJ8rKlXTjM,136000,4,Barrios Mangoré: La Catedral: I. Preludio saudade
221,0.228,0.0157,3,-24.666,1,0.0469,0.995,0.956,0.0803,0.0523,114.007,audio_features,2GP8y8Yu59zKt7BK4xQgUI,spotify:track:2GP8y8Yu59zKt7BK4xQgUI,https://api.spotify.com/v1/tracks/2GP8y8Yu59zKt7BK4xQgUI,https://api.spotify.com/v1/audio-analysis/2GP8y8Yu59zKt7BK4xQgUI,48722,4,Maarten's Secret Part I
222,0.279,0.0876,0,-27.941,1,0.0383,0.989,0.896,0.132,0.0973,134.041,audio_features,3elLXOiCHZcDX7xh6LmHvT,spotify:track:3elLXOiCHZcDX7xh6LmHvT,https://api.spotify.com/v1/tracks/3elLXOiCHZcDX7xh6LmHvT,https://api.spotify.com/v1/audio-analysis/3elLXOiCHZcDX7xh6LmHvT,135560,4,"Bach, JS: The Well-Tempered Clavier, Book 1, Prelude and Fugue No. 1 in C Major, BWV 846: I. Prelude"
223,0.202,0.00681,3,-32.339,1,0.0386,0.996,0.883,0.0971,0.0354,66.157,audio_features,0MPLx3w1sp3X4UyJvg0XGd,spotify:track:0MPLx3w1sp3X4UyJvg0XGd,https://api.spotify.com/v1/tracks/0MPLx3w1sp3X4UyJvg0XGd,https://api.spotify.com/v1/audio-analysis/0MPLx3w1sp3X4UyJvg0XGd,251240,3,Montero: Continuum
224,0.317,0.0278,4,-27.4,1,0.0442,0.994,0.91,0.0844,0.386,88.832,audio_features,2ijOTl2fScBOP7GDiZleJg,spotify:track:2ijOTl2fScBOP7GDiZleJg,https://api.spotify.com/v1/tracks/2ijOTl2fScBOP7GDiZleJg,https://api.spotify.com/v1/audio-analysis/2ijOTl2fScBOP7GDiZleJg,203360,3,"Cavatina (From ""The Deer Hunter"")"
225,0.21,0.022,9,-32.498,1,0.0395,0.993,0.914,0.0741,0.267,82.123,audio_features,7DZSQwp1U13gE7eFEqnhHT,spotify:track:7DZSQwp1U13gE7eFEqnhHT,https://api.spotify.com/v1/tracks/7DZSQwp1U13gE7eFEqnhHT,https://api.spotify.com/v1/audio-analysis/7DZSQwp1U13gE7eFEqnhHT,252627,4,Tárrega: Recuerdos de la Alhambra
226,0.276,0.0713,2,-17.775,0,0.0441,0.98,0.952,0.101,0.0559,71.659,audio_features,0BKl1RmvVmgxLdKCrGnETA,spotify:track:0BKl1RmvVmgxLdKCrGnETA,https://api.spotify.com/v1/tracks/0BKl1RmvVmgxLdKCrGnETA,https://api.spotify.com/v1/audio-analysis/0BKl1RmvVmgxLdKCrGnETA,165108,4,Sorrow (feat. Eric Vloeimans)
227,0.391,0.0126,10,-31.978,1,0.0441,0.994,0.915,0.0873,0.204,73.899,audio_features,37xYs6sNliAOxdZonEnFVS,spotify:track:37xYs6sNliAOxdZonEnFVS,https://api.spotify.com/v1/tracks/37xYs6sNliAOxdZonEnFVS,https://api.spotify.com/v1/audio-analysis/37xYs6sNliAOxdZonEnFVS,291881,4,"Mozart: Piano Sonata No. 12 in F Major, K. 332: II. Adagio"
